1,M,0.915,1
2,E,0.9,1
3,V,0.9,1
4,L,0.896,1
5,R,0.89,1
6,D,0.888,1
7,P,0.894,1
8,I,0.93,1
9,K,0.953,1
10,K,0.958,1
11,N,0.961,1
12,S,0.963,1
13,S,0.962,1
14,E,0.961,1
15,S,0.959,1
16,K,0.954,1
17,P,0.95,1
18,A,0.943,1
19,Q,0.929,1
20,S,0.913,1
21,G,0.908,1
22,F,0.909,1
23,S,0.904,1
24,R,0.885,1
25,G,0.863,1
26,N,0.844,1
27,S,0.827,1
28,P,0.808,1
29,L,0.771,1
30,C,0.728,1
31,C,0.703,1
32,P,0.687,1
33,E,0.658,1
34,S,0.621,1
35,V,0.6,1
36,E,0.586,1
37,A,0.562,1
38,S,0.535,1
39,P,0.519,1
40,A,0.492,1
41,V,0.45,1
42,N,0.389,1
43,E,0.312,0
44,K,0.264,0
45,S,0.265,0
46,L,0.278,0
47,Y,0.277,0
48,S,0.262,0
49,T,0.269,0
50,H,0.287,0
51,N,0.318,0
52,Y,0.35,1
53,G,0.381,1
54,T,0.412,1
55,T,0.429,1
56,Q,0.424,1
57,R,0.402,1
58,H,0.381,1
59,G,0.371,1
60,C,0.367,1
61,R,0.361,1
62,G,0.358,1
63,L,0.364,1
64,P,0.364,1
65,Y,0.345,0
66,A,0.308,0
67,D,0.282,0
68,H,0.293,0
69,N,0.336,0
70,Y,0.385,1
71,G,0.422,1
72,A,0.442,1
73,P,0.463,1
74,P,0.482,1
75,P,0.485,1
76,P,0.473,1
77,T,0.503,1
78,P,0.581,1
79,P,0.654,1
80,A,0.686,1
81,S,0.683,1
82,P,0.676,1
83,P,0.694,1
84,V,0.725,1
85,Q,0.75,1
86,T,0.774,1
87,I,0.808,1
88,I,0.839,1
89,P,0.861,1
90,R,0.873,1
91,S,0.881,1
92,D,0.897,1
93,L,0.913,1
94,N,0.915,1
95,G,0.898,1
96,L,0.878,1
97,P,0.86,1
98,S,0.825,1
99,P,0.77,1
100,V,0.712,1
101,E,0.661,1
102,E,0.619,1
103,R,0.583,1
104,C,0.549,1
105,G,0.52,1
106,D,0.501,1
107,S,0.498,1
108,P,0.482,1
109,N,0.455,1
110,S,0.419,1
111,E,0.383,1
112,G,0.322,0
113,E,0.232,0
114,T,0.158,0
115,V,0.119,0
116,P,0.103,0
117,T,0.082,0
118,W,0.062,0
119,C,0.046,0
120,P,0.036,0
121,C,0.032,0
122,G,0.03,0
123,L,0.029,0
124,S,0.03,0
125,Q,0.03,0
126,D,0.028,0
127,G,0.023,0
128,F,0.018,0
129,L,0.016,0
130,L,0.015,0
131,N,0.015,0
132,C,0.017,0
133,D,0.019,0
134,K,0.021,0
135,C,0.023,0
136,R,0.025,0
137,G,0.028,0
138,M,0.03,0
139,S,0.031,0
140,R,0.032,0
141,G,0.034,0
142,K,0.039,0
143,V,0.048,0
144,I,0.06,0
145,R,0.067,0
146,L,0.066,0
147,H,0.071,0
148,R,0.087,0
149,R,0.101,0
150,K,0.119,0
151,Q,0.138,0
152,D,0.162,0
153,N,0.197,0
154,I,0.237,0
155,S,0.271,0
156,G,0.312,0
157,G,0.341,0
158,D,0.345,0
159,S,0.289,0
160,S,0.206,0
161,A,0.18,0
162,T,0.179,0
163,E,0.2,0
164,S,0.219,0
165,W,0.238,0
166,D,0.248,0
167,E,0.235,0
168,E,0.226,0
169,L,0.226,0
170,S,0.246,0
171,P,0.302,0
172,S,0.393,1
173,T,0.501,1
174,V,0.607,1
175,L,0.656,1
176,Y,0.637,1
177,T,0.605,1
178,A,0.574,1
179,T,0.529,1
180,Q,0.498,1
181,H,0.491,1
182,T,0.531,1
183,P,0.606,1
184,T,0.665,1
185,S,0.687,1
186,I,0.681,1
187,T,0.656,1
188,L,0.632,1
189,T,0.61,1
190,V,0.602,1
191,R,0.613,1
192,R,0.661,1
193,T,0.706,1
194,K,0.752,1
195,P,0.806,1
196,K,0.848,1
197,K,0.891,1
198,R,0.926,1
199,K,0.947,1
200,K,0.959,1
201,S,0.965,1
202,P,0.969,1
203,E,0.972,1
204,K,0.972,1
205,G,0.975,1
206,R,0.977,1
207,A,0.978,1
208,A,0.979,1
209,P,0.978,1
210,K,0.975,1
211,T,0.968,1
212,K,0.959,1
213,K,0.95,1
214,I,0.945,1
215,K,0.938,1
216,N,0.932,1
217,S,0.928,1
218,P,0.918,1
219,S,0.897,1
220,E,0.868,1
221,A,0.843,1
222,Q,0.818,1
223,N,0.792,1
224,L,0.767,1
225,D,0.734,1
226,E,0.7,1
227,N,0.662,1
228,T,0.596,1
229,T,0.5,1
230,E,0.4,1
231,G,0.308,0
232,W,0.237,0
233,E,0.186,0
234,N,0.136,0
235,R,0.103,0
236,I,0.085,0
237,R,0.076,0
238,L,0.071,0
239,W,0.064,0
240,T,0.055,0
241,D,0.045,0
242,Q,0.039,0
243,Y,0.037,0
244,E,0.038,0
245,E,0.038,0
246,A,0.034,0
247,F,0.028,0
248,T,0.023,0
249,N,0.021,0
250,Q,0.021,0
251,Y,0.021,0
252,S,0.021,0
253,A,0.02,0
254,D,0.02,0
255,V,0.02,0
256,Q,0.021,0
257,N,0.023,0
258,A,0.025,0
259,L,0.028,0
260,E,0.03,0
261,Q,0.032,0
262,H,0.032,0
263,L,0.032,0
264,H,0.032,0
265,S,0.031,0
266,N,0.03,0
267,K,0.027,0
268,E,0.024,0
269,F,0.021,0
270,V,0.019,0
271,G,0.016,0
272,K,0.015,0
273,P,0.014,0
274,A,0.013,0
275,I,0.013,0
276,L,0.012,0
277,D,0.013,0
278,T,0.014,0
279,I,0.017,0
280,N,0.018,0
281,K,0.017,0
282,T,0.015,0
283,E,0.014,0
284,L,0.013,0
285,A,0.014,0
286,C,0.015,0
287,N,0.016,0
288,N,0.015,0
289,T,0.014,0
290,V,0.013,0
291,I,0.013,0
292,G,0.014,0
293,S,0.015,0
294,Q,0.015,0
295,M,0.014,0
296,Q,0.014,0
297,L,0.014,0
298,Q,0.014,0
299,L,0.015,0
300,G,0.016,0
301,R,0.016,0
302,V,0.017,0
303,T,0.017,0
304,R,0.017,0
305,V,0.016,0
306,Q,0.017,0
307,K,0.016,0
308,H,0.016,0
309,R,0.015,0
310,K,0.013,0
311,I,0.012,0
312,L,0.011,0
313,R,0.01,0
314,A,0.01,0
315,A,0.009,0
316,R,0.009,0
317,D,0.008,0
318,L,0.008,0
319,A,0.007,0
320,L,0.006,0
321,D,0.005,0
322,T,0.005,0
323,L,0.004,0
324,I,0.004,0
325,I,0.004,0
326,E,0.004,0
327,Y,0.004,0
328,R,0.005,0
329,G,0.005,0
330,K,0.005,0
331,V,0.006,0
332,M,0.006,0
333,L,0.007,0
334,R,0.008,0
335,Q,0.008,0
336,Q,0.009,0
337,F,0.01,0
338,E,0.01,0
339,V,0.01,0
340,N,0.01,0
341,G,0.01,0
342,H,0.009,0
343,F,0.009,0
344,F,0.008,0
345,K,0.008,0
346,K,0.007,0
347,P,0.006,0
348,Y,0.006,0
349,P,0.005,0
350,F,0.005,0
351,V,0.005,0
352,L,0.006,0
353,F,0.006,0
354,Y,0.007,0
355,S,0.007,0
356,K,0.008,0
357,F,0.009,0
358,N,0.01,0
359,G,0.011,0
360,V,0.011,0
361,E,0.012,0
362,M,0.012,0
363,C,0.012,0
364,V,0.012,0
365,D,0.013,0
366,A,0.014,0
367,R,0.014,0
368,T,0.015,0
369,F,0.015,0
370,G,0.016,0
371,N,0.016,0
372,D,0.015,0
373,A,0.014,0
374,R,0.013,0
375,F,0.012,0
376,I,0.012,0
377,R,0.012,0
378,R,0.012,0
379,S,0.011,0
380,C,0.012,0
381,T,0.012,0
382,P,0.013,0
383,N,0.012,0
384,A,0.011,0
385,E,0.01,0
386,V,0.009,0
387,R,0.007,0
388,H,0.007,0
389,M,0.006,0
390,I,0.006,0
391,A,0.005,0
392,D,0.005,0
393,G,0.004,0
394,M,0.004,0
395,I,0.003,0
396,H,0.003,0
397,L,0.003,0
398,C,0.002,0
399,I,0.002,0
400,Y,0.002,0
401,A,0.003,0
402,V,0.003,0
403,S,0.004,0
404,A,0.005,0
405,I,0.006,0
406,T,0.007,0
407,K,0.007,0
408,D,0.008,0
409,A,0.008,0
410,E,0.008,0
411,V,0.007,0
412,T,0.007,0
413,I,0.006,0
414,A,0.006,0
415,F,0.006,0
416,D,0.007,0
417,Y,0.007,0
418,E,0.008,0
419,Y,0.009,0
420,S,0.009,0
421,N,0.009,0
422,C,0.009,0
423,N,0.009,0
424,Y,0.01,0
425,K,0.01,0
426,V,0.011,0
427,D,0.012,0
428,C,0.013,0
429,A,0.015,0
430,C,0.019,0
431,H,0.023,0
432,K,0.027,0
433,G,0.031,0
434,N,0.034,0
435,R,0.036,0
436,N,0.039,0
437,C,0.045,0
438,P,0.054,0
439,I,0.06,0
440,Q,0.066,0
441,K,0.076,0
442,R,0.088,0
443,N,0.102,0
444,P,0.121,0
445,N,0.141,0
446,A,0.162,0
447,A,0.18,0
448,E,0.199,0
449,L,0.221,0
450,P,0.251,0
451,L,0.299,0
452,P,0.359,1
453,P,0.43,1
454,P,0.504,1
455,S,0.556,1
456,F,0.609,1
457,P,0.668,1
458,T,0.716,1
459,I,0.761,1
460,G,0.799,1
461,A,0.813,1
462,E,0.812,1
463,T,0.821,1
464,R,0.85,1
465,R,0.892,1
466,R,0.926,1
467,K,0.942,1
468,A,0.946,1
469,R,0.949,1
470,R,0.953,1
471,K,0.957,1
472,E,0.959,1
473,L,0.959,1
474,E,0.957,1
475,M,0.952,1
476,E,0.948,1
477,Q,0.947,1
478,Q,0.951,1
479,N,0.956,1
480,E,0.958,1
481,V,0.96,1
482,P,0.96,1
483,E,0.962,1
484,E,0.966,1
485,N,0.971,1
486,H,0.975,1
487,D,0.979,1
488,P,0.98,1
489,Q,0.981,1
490,P,0.98,1
491,Q,0.979,1
492,E,0.978,1
493,V,0.978,1
494,P,0.98,1
495,E,0.982,1
496,K,0.983,1
497,V,0.984,1
498,T,0.984,1
499,V,0.983,1
500,S,0.983,1
501,S,0.983,1
502,E,0.984,1
503,H,0.985,1
504,E,0.985,1
505,E,0.985,1
506,V,0.987,1
507,D,0.989,1
508,N,0.99,1
509,P,0.99,1
510,E,0.99,1
511,E,0.99,1
512,K,0.99,1
513,P,0.988,1
514,E,0.986,1
515,E,0.986,1
516,E,0.987,1
517,K,0.987,1
518,E,0.987,1
519,E,0.986,1
520,A,0.986,1
521,T,0.985,1
522,D,0.984,1
523,D,0.983,1
524,Q,0.98,1
525,E,0.974,1
526,N,0.967,1
527,S,0.957,1
528,A,0.943,1
529,H,0.921,1
530,S,0.901,1
531,R,0.88,1
532,R,0.846,1
533,T,0.803,1
534,R,0.747,1
535,E,0.692,1
536,D,0.675,1
537,R,0.674,1
538,K,0.677,1
539,V,0.672,1
540,E,0.659,1
541,A,0.654,1
542,I,0.66,1
543,M,0.679,1
544,H,0.719,1
545,A,0.754,1
546,F,0.764,1
547,E,0.757,1
548,T,0.742,1
549,L,0.725,1
550,E,0.706,1
551,K,0.693,1
552,R,0.687,1
553,K,0.698,1
554,K,0.709,1
555,R,0.72,1
556,R,0.75,1
557,D,0.8,1
558,Q,0.84,1
559,P,0.873,1
560,V,0.897,1
561,E,0.904,1
562,Q,0.904,1
563,S,0.905,1
564,N,0.909,1
565,S,0.92,1
566,D,0.93,1
567,V,0.938,1
568,E,0.944,1
569,I,0.951,1
570,T,0.96,1
571,T,0.965,1
572,S,0.968,1
573,S,0.971,1
574,S,0.974,1
575,E,0.977,1
576,I,0.977,1
577,G,0.977,1
578,V,0.977,1
579,G,0.975,1
580,E,0.97,1
581,E,0.964,1
582,T,0.958,1
583,K,0.954,1
584,T,0.955,1
585,A,0.96,1
586,A,0.964,1
587,P,0.964,1
588,E,0.961,1
589,S,0.955,1
590,E,0.95,1
591,V,0.946,1
592,N,0.94,1
593,N,0.931,1
594,P,0.923,1
595,V,0.926,1
596,T,0.938,1
597,N,0.953,1
598,I,0.964,1
599,A,0.97,1
600,I,0.973,1
601,P,0.973,1
602,S,0.972,1
603,I,0.972,1
604,P,0.971,1
605,Q,0.971,1
606,S,0.973,1
607,T,0.973,1
608,G,0.971,1
609,V,0.968,1
610,N,0.967,1
611,T,0.968,1
612,R,0.969,1
613,R,0.968,1
614,S,0.969,1
615,S,0.972,1
616,H,0.975,1
617,A,0.974,1
618,G,0.97,1
619,D,0.969,1
620,V,0.971,1
621,A,0.971,1
622,A,0.969,1
623,E,0.97,1
624,K,0.975,1
625,P,0.978,1
626,V,0.979,1
627,P,0.978,1
628,K,0.976,1
629,P,0.974,1
630,P,0.974,1
631,P,0.973,1
632,A,0.971,1
633,K,0.967,1
634,P,0.962,1
635,S,0.957,1
636,R,0.948,1
637,P,0.934,1
638,R,0.917,1
639,P,0.905,1
640,K,0.887,1
641,S,0.857,1
642,R,0.834,1
643,I,0.809,1
644,S,0.768,1
645,R,0.717,1
646,Y,0.668,1
647,R,0.645,1
648,T,0.649,1
649,S,0.646,1
650,S,0.626,1
651,A,0.586,1
652,Q,0.552,1
653,R,0.533,1
654,L,0.539,1
655,K,0.548,1
656,R,0.557,1
657,Q,0.556,1
658,K,0.521,1
659,Q,0.479,1
660,A,0.44,1
661,N,0.42,1
662,A,0.421,1
663,Q,0.425,1
664,Q,0.436,1
665,A,0.456,1
666,E,0.48,1
667,L,0.504,1
668,A,0.512,1
669,Q,0.506,1
670,A,0.514,1
671,A,0.535,1
672,L,0.552,1
673,E,0.574,1
674,E,0.616,1
675,G,0.658,1
676,G,0.685,1
677,S,0.672,1
678,N,0.626,1
679,N,0.576,1
680,S,0.527,1
681,V,0.495,1
682,T,0.496,1
683,L,0.53,1
684,P,0.558,1
685,E,0.559,1
686,A,0.529,1
687,G,0.494,1
688,N,0.488,1
689,I,0.505,1
690,D,0.527,1
691,S,0.526,1
692,S,0.524,1
693,G,0.527,1
694,E,0.548,1
695,S,0.579,1
696,R,0.584,1
697,P,0.539,1
698,L,0.459,1
699,T,0.407,1
700,G,0.365,1
701,S,0.318,0
702,D,0.261,0
703,P,0.216,0
704,T,0.198,0
705,V,0.194,0
706,V,0.184,0
707,S,0.166,0
708,V,0.143,0
709,T,0.128,0
710,G,0.119,0
711,S,0.113,0
712,H,0.104,0
713,V,0.098,0
714,N,0.086,0
715,R,0.074,0
716,A,0.063,0
717,A,0.055,0
718,S,0.047,0
719,K,0.041,0
720,Y,0.037,0
721,P,0.034,0
722,K,0.029,0
723,T,0.024,0
724,K,0.019,0
725,K,0.015,0
726,Y,0.012,0
727,L,0.01,0
728,V,0.009,0
729,T,0.01,0
730,E,0.01,0
731,W,0.012,0
732,L,0.014,0
733,N,0.017,0
734,D,0.02,0
735,K,0.024,0
736,A,0.029,0
737,E,0.033,0
738,K,0.032,0
739,Q,0.028,0
740,E,0.025,0
741,C,0.023,0
742,P,0.021,0
743,V,0.019,0
744,E,0.017,0
745,C,0.015,0
746,P,0.014,0
747,L,0.014,0
748,R,0.015,0
749,I,0.015,0
750,T,0.014,0
751,T,0.013,0
752,D,0.012,0
753,P,0.01,0
754,T,0.009,0
755,V,0.008,0
756,L,0.008,0
757,A,0.008,0
758,T,0.007,0
759,T,0.007,0
760,L,0.008,0
761,N,0.009,0
762,M,0.01,0
763,L,0.012,0
764,P,0.013,0
765,G,0.014,0
766,L,0.014,0
767,I,0.013,0
768,H,0.013,0
769,S,0.013,0
770,P,0.014,0
771,L,0.013,0
772,I,0.012,0
773,C,0.012,0
774,T,0.012,0
775,T,0.014,0
776,P,0.016,0
777,K,0.016,0
778,H,0.015,0
779,Y,0.014,0
780,I,0.013,0
781,R,0.013,0
782,F,0.015,0
783,G,0.019,0
784,S,0.024,0
785,P,0.03,0
786,F,0.038,0
787,M,0.048,0
788,P,0.057,0
789,E,0.066,0
790,R,0.07,0
791,R,0.069,0
792,R,0.065,0
793,R,0.06,0
794,P,0.058,0
795,L,0.06,0
796,L,0.061,0
797,P,0.061,0
798,D,0.064,0
799,G,0.063,0
800,T,0.059,0
801,F,0.058,0
802,S,0.059,0
803,S,0.057,0
804,C,0.049,0
805,K,0.041,0
806,K,0.038,0
807,R,0.043,0
808,W,0.067,0
809,I,0.11,0
810,K,0.128,0
811,Q,0.116,0
812,A,0.114,0
813,L,0.141,0
814,E,0.195,0
815,E,0.244,0
816,G,0.258,0
817,M,0.24,0
818,T,0.242,0
819,Q,0.272,0
820,T,0.312,0
821,S,0.33,0
822,S,0.321,0
823,V,0.298,0
824,P,0.286,0
825,Q,0.303,0
826,E,0.336,0
827,T,0.361,1
828,R,0.38,1
829,T,0.385,1
830,Q,0.379,1
831,H,0.384,1
832,L,0.405,1
833,Y,0.446,1
834,Q,0.47,1
835,S,0.464,1
836,N,0.438,1
837,E,0.439,1
838,N,0.5,1
839,S,0.555,1
840,N,0.538,1
841,S,0.454,1
842,S,0.366,1
843,S,0.293,0
844,I,0.251,0
845,C,0.246,0
846,K,0.255,0
847,D,0.257,0
848,N,0.228,0
849,A,0.186,0
850,D,0.139,0
851,L,0.1,0
852,L,0.081,0
853,S,0.074,0
854,P,0.073,0
855,L,0.071,0
856,K,0.065,0
857,K,0.055,0
858,W,0.049,0
859,K,0.049,0
860,S,0.058,0
861,R,0.076,0
862,Y,0.097,0
863,L,0.107,0
864,M,0.094,0
865,E,0.071,0
866,Q,0.058,0
867,N,0.057,0
868,I,0.063,0
869,T,0.073,0
870,K,0.086,0
871,L,0.117,0
872,L,0.169,0
873,R,0.236,0
874,P,0.287,0
875,L,0.34,0
876,S,0.422,1
877,P,0.51,1
878,V,0.601,1
879,T,0.706,1
880,P,0.784,1
881,P,0.83,1
882,P,0.861,1
883,P,0.883,1
884,S,0.898,1
885,S,0.906,1
886,G,0.903,1
887,S,0.892,1
888,K,0.866,1
889,S,0.837,1
890,P,0.815,1
891,Q,0.824,1
892,L,0.852,1
893,T,0.871,1
894,T,0.859,1
895,P,0.838,1
896,G,0.824,1
897,Q,0.803,1
898,T,0.783,1
899,H,0.766,1
900,P,0.734,1
901,G,0.68,1
902,E,0.607,1
903,E,0.521,1
904,E,0.439,1
905,C,0.36,1
906,R,0.29,0
907,N,0.25,0
908,G,0.234,0
909,Y,0.239,0
910,S,0.244,0
911,L,0.241,0
912,M,0.234,0
913,F,0.211,0
914,S,0.167,0
915,P,0.132,0
916,I,0.114,0
917,T,0.106,0
918,S,0.099,0
919,L,0.085,0
920,T,0.072,0
921,T,0.073,0
922,A,0.079,0
923,S,0.078,0
924,R,0.067,0
925,S,0.057,0
926,N,0.052,0
927,T,0.052,0
928,P,0.056,0
929,L,0.054,0
930,Q,0.046,0
931,F,0.036,0
932,E,0.032,0
933,L,0.031,0
934,C,0.032,0
935,H,0.033,0
936,R,0.033,0
937,K,0.034,0
938,D,0.036,0
939,L,0.038,0
940,D,0.039,0
941,L,0.036,0
942,T,0.032,0
943,K,0.03,0
944,V,0.029,0
945,G,0.031,0
946,Y,0.036,0
947,P,0.043,0
948,D,0.054,0
949,S,0.066,0
950,S,0.073,0
951,T,0.074,0
952,H,0.072,0
953,S,0.072,0
954,C,0.072,0
955,G,0.071,0
956,D,0.076,0
957,R,0.088,0
958,P,0.101,0
959,S,0.104,0
960,L,0.105,0
961,L,0.115,0
962,N,0.131,0
963,C,0.146,0
964,S,0.149,0
965,H,0.14,0
966,P,0.131,0
967,D,0.129,0
968,L,0.142,0
969,T,0.184,0
970,S,0.246,0
971,H,0.28,0
972,P,0.299,0
973,S,0.309,0
974,V,0.323,0
975,A,0.348,0
976,P,0.367,1
977,T,0.367,1
978,S,0.338,0
979,E,0.304,0
980,A,0.298,0
981,G,0.301,0
982,F,0.321,0
983,P,0.328,0
984,S,0.335,0
985,R,0.342,0
986,S,0.34,0
987,G,0.325,0
988,D,0.295,0
989,G,0.261,0
990,P,0.239,0
991,Q,0.206,0
992,T,0.167,0
993,L,0.14,0
994,L,0.124,0
995,R,0.117,0
996,N,0.113,0
997,S,0.109,0
998,D,0.098,0
999,Q,0.088,0
1000,A,0.075,0
1001,F,0.059,0
1002,R,0.044,0
1003,T,0.036,0
1004,E,0.032,0
1005,F,0.028,0
1006,N,0.024,0
1007,L,0.018,0
1008,M,0.014,0
1009,Y,0.013,0
1010,A,0.015,0
1011,Y,0.017,0
1012,S,0.021,0
1013,P,0.021,0
1014,L,0.019,0
1015,N,0.021,0
1016,A,0.023,0
1017,M,0.027,0
1018,P,0.033,0
1019,R,0.036,0
1020,A,0.036,0
1021,D,0.036,0
1022,G,0.038,0
1023,L,0.041,0
1024,Y,0.045,0
1025,R,0.046,0
1026,G,0.048,0
1027,S,0.048,0
1028,P,0.047,0
1029,L,0.046,0
1030,V,0.044,0
1031,G,0.043,0
1032,D,0.044,0
1033,R,0.043,0
1034,K,0.041,0
1035,P,0.039,0
1036,L,0.037,0
1037,H,0.037,0
1038,L,0.038,0
1039,D,0.04,0
1040,G,0.042,0
1041,G,0.044,0
1042,Y,0.046,0
1043,C,0.05,0
1044,S,0.06,0
1045,P,0.073,0
1046,A,0.079,0
1047,E,0.077,0
1048,G,0.078,0
1049,F,0.081,0
1050,S,0.083,0
1051,S,0.089,0
1052,R,0.102,0
1053,Y,0.118,0
1054,E,0.129,0
1055,H,0.135,0
1056,G,0.143,0
1057,F,0.156,0
1058,M,0.181,0
1059,K,0.223,0
1060,D,0.263,0
1061,L,0.272,0
1062,S,0.265,0
1063,R,0.269,0
1064,G,0.29,0
1065,S,0.312,0
1066,M,0.326,0
1067,S,0.328,0
1068,P,0.327,0
1069,G,0.323,0
1070,G,0.332,0
1071,E,0.349,0
1072,R,0.357,1
1073,T,0.359,1
1074,C,0.358,1
1075,E,0.364,1
1076,G,0.39,1
1077,V,0.426,1
1078,P,0.455,1
1079,S,0.485,1
1080,A,0.518,1
1081,P,0.539,1
1082,Q,0.568,1
1083,N,0.602,1
1084,P,0.606,1
1085,P,0.576,1
1086,Q,0.553,1
1087,R,0.54,1
1088,K,0.537,1
1089,K,0.547,1
1090,V,0.539,1
1091,S,0.524,1
1092,L,0.519,1
1093,L,0.52,1
1094,E,0.558,1
1095,Y,0.641,1
1096,R,0.716,1
1097,K,0.77,1
1098,R,0.796,1
1099,K,0.807,1
1100,Q,0.837,1
1101,E,0.868,1
1102,A,0.89,1
1103,K,0.922,1
1104,E,0.947,1
1105,N,0.957,1
1106,S,0.963,1
1107,G,0.97,1
1108,G,0.977,1
1109,G,0.98,1
1110,S,0.985,1
1111,D,0.99,1
1112,S,0.993,1
1113,S,0.995,1
1114,Q,0.996,1
1115,S,0.996,1
1116,K,0.996,1
1117,S,0.996,1
1118,K,0.996,1
1119,S,0.995,1
1120,S,0.995,1
1121,G,0.994,1
1122,A,0.993,1
1123,G,0.993,1
1124,Q,0.992,1
1125,G,0.991,1
1126,S,0.99,1
1127,S,0.988,1
1128,N,0.987,1
1129,S,0.986,1
1130,V,0.985,1
1131,S,0.983,1
1132,D,0.979,1
1133,T,0.974,1
1134,G,0.968,1
1135,A,0.964,1
1136,H,0.961,1
1137,G,0.959,1
1138,V,0.959,1
1139,Q,0.961,1
1140,G,0.965,1
1141,S,0.969,1
1142,S,0.973,1
1143,A,0.976,1
1144,R,0.979,1
1145,T,0.98,1
1146,P,0.979,1
1147,S,0.977,1
1148,S,0.975,1
1149,P,0.973,1
1150,H,0.971,1
1151,K,0.97,1
1152,K,0.969,1
1153,F,0.97,1
1154,S,0.97,1
1155,P,0.971,1
1156,S,0.972,1
1157,H,0.972,1
1158,S,0.97,1
1159,S,0.968,1
1160,T,0.965,1
1161,S,0.962,1
1162,H,0.96,1
1163,L,0.961,1
1164,E,0.964,1
1165,A,0.97,1
1166,V,0.974,1
1167,S,0.975,1
1168,P,0.973,1
1169,S,0.967,1
1170,D,0.961,1
1171,S,0.954,1
1172,R,0.946,1
1173,G,0.935,1
1174,T,0.919,1
1175,S,0.902,1
1176,S,0.888,1
1177,S,0.874,1
1178,H,0.852,1
1179,C,0.812,1
1180,R,0.762,1
1181,P,0.73,1
1182,Q,0.704,1
1183,E,0.671,1
1184,N,0.64,1
1185,I,0.605,1
1186,S,0.56,1
1187,S,0.512,1
1188,R,0.478,1
1189,W,0.475,1
1190,M,0.505,1
1191,V,0.528,1
1192,P,0.518,1
1193,T,0.526,1
1194,S,0.566,1
1195,V,0.596,1
1196,E,0.563,1
1197,R,0.469,1
1198,L,0.373,1
1199,R,0.327,0
1200,E,0.318,0
1201,G,0.312,0
1202,G,0.29,0
1203,S,0.271,0
1204,I,0.28,0
1205,P,0.332,0
1206,K,0.376,1
1207,V,0.371,1
1208,L,0.338,0
1209,R,0.303,0
1210,S,0.285,0
1211,S,0.278,0
1212,V,0.284,0
1213,R,0.306,0
1214,V,0.336,0
1215,A,0.372,1
1216,Q,0.429,1
1217,K,0.503,1
1218,G,0.575,1
1219,E,0.625,1
1220,P,0.654,1
1221,S,0.679,1
1222,P,0.709,1
1223,T,0.726,1
1224,W,0.734,1
1225,E,0.745,1
1226,S,0.745,1
1227,N,0.739,1
1228,I,0.742,1
1229,T,0.744,1
1230,E,0.751,1
1231,K,0.736,1
1232,E,0.71,1
1233,S,0.69,1
1234,D,0.686,1
1235,P,0.687,1
1236,A,0.691,1
1237,D,0.674,1
1238,G,0.637,1
1239,E,0.604,1
1240,G,0.575,1
1241,P,0.554,1
1242,E,0.537,1
1243,P,0.516,1
1244,L,0.485,1
1245,S,0.457,1
1246,S,0.447,1
1247,A,0.45,1
1248,L,0.424,1
1249,S,0.361,1
1250,K,0.318,0
1251,G,0.303,0
1252,A,0.319,0
1253,T,0.343,0
1254,V,0.366,1
1255,Y,0.387,1
1256,S,0.396,1
1257,P,0.391,1
1258,S,0.383,1
1259,R,0.358,1
1260,Y,0.314,0
1261,S,0.263,0
1262,Y,0.219,0
1263,Q,0.201,0
1264,L,0.203,0
1265,L,0.211,0
1266,Q,0.214,0
1267,C,0.215,0
1268,D,0.226,0
1269,S,0.261,0
1270,P,0.331,0
1271,R,0.409,1
1272,T,0.466,1
1273,E,0.472,1
1274,S,0.458,1
1275,Q,0.462,1
1276,S,0.483,1
1277,L,0.497,1
1278,L,0.514,1
1279,Q,0.532,1
1280,Q,0.55,1
1281,S,0.578,1
1282,S,0.612,1
1283,S,0.658,1
1284,P,0.714,1
1285,F,0.746,1
1286,R,0.774,1
1287,G,0.809,1
1288,H,0.829,1
1289,P,0.847,1
1290,T,0.867,1
1291,Q,0.887,1
1292,S,0.906,1
1293,P,0.922,1
1294,G,0.933,1
1295,Y,0.938,1
1296,S,0.942,1
1297,Y,0.947,1
1298,R,0.953,1
1299,T,0.958,1
1300,T,0.96,1
1301,A,0.959,1
1302,L,0.958,1
1303,R,0.96,1
1304,P,0.962,1
1305,G,0.958,1
1306,N,0.95,1
1307,P,0.947,1
1308,P,0.948,1
1309,S,0.945,1
1310,H,0.926,1
1311,G,0.901,1
1312,S,0.895,1
1313,S,0.898,1
1314,E,0.89,1
1315,S,0.869,1
1316,S,0.854,1
1317,L,0.877,1
1318,S,0.895,1
1319,S,0.902,1
1320,T,0.908,1
1321,S,0.905,1
1322,Y,0.896,1
1323,P,0.883,1
1324,S,0.862,1
1325,P,0.836,1
1326,A,0.83,1
1327,H,0.825,1
1328,P,0.803,1
1329,V,0.779,1
1330,S,0.762,1
1331,T,0.754,1
1332,D,0.768,1
1333,S,0.79,1
1334,L,0.813,1
1335,A,0.847,1
1336,P,0.886,1
1337,F,0.917,1
1338,T,0.931,1
1339,G,0.938,1
1340,T,0.941,1
1341,P,0.94,1
1342,G,0.936,1
1343,Y,0.932,1
1344,Y,0.925,1
1345,S,0.918,1
1346,S,0.913,1
1347,Q,0.909,1
1348,P,0.91,1
1349,H,0.915,1
1350,S,0.919,1
1351,G,0.924,1
1352,N,0.934,1
1353,S,0.94,1
1354,T,0.943,1
1355,G,0.945,1
1356,S,0.946,1
1357,N,0.944,1
1358,L,0.935,1
1359,P,0.919,1
1360,R,0.914,1
1361,R,0.923,1
1362,S,0.933,1
1363,C,0.936,1
1364,S,0.942,1
1365,S,0.956,1
1366,S,0.968,1
1367,A,0.977,1
1368,A,0.981,1
1369,S,0.982,1
1370,P,0.982,1
1371,T,0.983,1
1372,P,0.983,1
1373,Q,0.984,1
1374,G,0.984,1
1375,P,0.983,1
1376,S,0.982,1
1377,D,0.982,1
1378,S,0.984,1
1379,P,0.985,1
1380,T,0.985,1
1381,S,0.984,1
1382,D,0.984,1
1383,S,0.983,1
1384,V,0.984,1
1385,S,0.985,1
1386,Q,0.986,1
1387,S,0.985,1
1388,S,0.983,1
1389,T,0.979,1
1390,G,0.97,1
1391,T,0.961,1
1392,L,0.957,1
1393,S,0.956,1
1394,S,0.956,1
1395,T,0.954,1
1396,S,0.953,1
1397,F,0.951,1
1398,P,0.946,1
1399,Q,0.941,1
1400,N,0.934,1
1401,S,0.918,1
1402,R,0.898,1
1403,S,0.879,1
1404,S,0.869,1
1405,L,0.868,1
1406,P,0.875,1
1407,S,0.879,1
1408,D,0.886,1
1409,L,0.895,1
1410,R,0.904,1
1411,T,0.912,1
1412,I,0.918,1
1413,S,0.925,1
1414,L,0.924,1
1415,P,0.913,1
1416,S,0.901,1
1417,A,0.894,1
1418,G,0.896,1
1419,Q,0.904,1
1420,S,0.905,1
1421,A,0.894,1
1422,A,0.878,1
1423,Y,0.87,1
1424,Q,0.876,1
1425,A,0.877,1
1426,S,0.865,1
1427,R,0.851,1
1428,V,0.843,1
1429,S,0.82,1
1430,A,0.774,1
1431,V,0.724,1
1432,S,0.717,1
1433,S,0.754,1
1434,S,0.762,1
1435,Q,0.763,1
1436,H,0.75,1
1437,Y,0.733,1
1438,P,0.729,1
1439,H,0.729,1
1440,R,0.724,1
1441,G,0.724,1
1442,S,0.712,1
1443,G,0.665,1
1444,G,0.621,1
1445,V,0.605,1
1446,H,0.616,1
1447,Q,0.6,1
1448,Y,0.556,1
1449,R,0.53,1
1450,L,0.554,1
1451,Q,0.631,1
1452,P,0.707,1
1453,L,0.733,1
1454,Q,0.727,1
1455,G,0.739,1
1456,S,0.77,1
1457,G,0.773,1
1458,V,0.778,1
1459,K,0.795,1
1460,T,0.791,1
1461,Q,0.787,1
1462,T,0.769,1
1463,G,0.756,1
1464,L,0.72,1
1465,S,0.672,1
