1,M,0.745,1
2,W,0.621,1
3,S,0.584,1
4,L,0.576,1
5,T,0.591,1
6,A,0.601,1
7,N,0.591,1
8,E,0.596,1
9,D,0.572,1
10,E,0.493,1
11,S,0.37,1
12,T,0.247,0
13,T,0.16,0
14,A,0.101,0
15,H,0.075,0
16,F,0.08,0
17,F,0.11,0
18,L,0.143,0
19,G,0.177,0
20,A,0.213,0
21,G,0.239,0
22,D,0.262,0
23,E,0.297,0
24,G,0.308,0
25,L,0.293,0
26,G,0.265,0
27,T,0.214,0
28,C,0.165,0
29,G,0.131,0
30,I,0.123,0
31,G,0.124,0
32,M,0.141,0
33,R,0.231,0
34,T,0.341,0
35,E,0.385,1
36,E,0.389,1
37,S,0.381,1
38,D,0.373,1
39,S,0.38,1
40,E,0.4,1
41,L,0.417,1
42,L,0.425,1
43,E,0.425,1
44,D,0.436,1
45,E,0.465,1
46,E,0.476,1
47,D,0.442,1
48,E,0.4,1
49,V,0.371,1
50,P,0.338,0
51,P,0.287,0
52,E,0.21,0
53,P,0.151,0
54,Q,0.097,0
55,I,0.07,0
56,I,0.063,0
57,V,0.062,0
58,G,0.063,0
59,I,0.069,0
60,C,0.08,0
61,A,0.087,0
62,M,0.094,0
63,T,0.106,0
64,K,0.12,0
65,K,0.116,0
66,S,0.095,0
67,K,0.096,0
68,S,0.102,0
69,K,0.098,0
70,P,0.079,0
71,M,0.054,0
72,T,0.035,0
73,Q,0.024,0
74,I,0.018,0
75,L,0.017,0
76,E,0.016,0
77,R,0.015,0
78,L,0.012,0
79,C,0.01,0
80,R,0.008,0
81,F,0.007,0
82,D,0.007,0
83,Y,0.007,0
84,L,0.011,0
85,T,0.016,0
86,V,0.017,0
87,V,0.019,0
88,I,0.024,0
89,L,0.037,0
90,G,0.052,0
91,E,0.048,0
92,D,0.03,0
93,V,0.017,0
94,I,0.012,0
95,L,0.011,0
96,N,0.012,0
97,E,0.014,0
98,P,0.015,0
99,V,0.016,0
100,E,0.016,0
101,N,0.015,0
102,W,0.013,0
103,P,0.011,0
104,S,0.008,0
105,C,0.006,0
106,H,0.005,0
107,C,0.005,0
108,L,0.005,0
109,I,0.005,0
110,S,0.006,0
111,F,0.007,0
112,H,0.008,0
113,S,0.01,0
114,K,0.012,0
115,G,0.014,0
116,F,0.015,0
117,P,0.017,0
118,L,0.017,0
119,D,0.016,0
120,K,0.015,0
121,A,0.014,0
122,V,0.014,0
123,A,0.013,0
124,Y,0.012,0
125,S,0.011,0
126,K,0.01,0
127,L,0.009,0
128,R,0.008,0
129,N,0.007,0
130,P,0.007,0
131,F,0.006,0
132,L,0.006,0
133,I,0.006,0
134,N,0.005,0
135,D,0.005,0
136,L,0.005,0
137,A,0.005,0
138,M,0.005,0
139,Q,0.006,0
140,Y,0.007,0
141,Y,0.007,0
142,I,0.007,0
143,Q,0.007,0
144,D,0.007,0
145,R,0.007,0
146,R,0.007,0
147,E,0.007,0
148,V,0.007,0
149,Y,0.007,0
150,R,0.007,0
151,I,0.009,0
152,L,0.01,0
153,Q,0.013,0
154,E,0.015,0
155,E,0.018,0
156,G,0.02,0
157,I,0.02,0
158,D,0.018,0
159,L,0.016,0
160,P,0.014,0
161,R,0.013,0
162,Y,0.012,0
163,A,0.012,0
164,V,0.013,0
165,L,0.015,0
166,N,0.017,0
167,R,0.019,0
168,D,0.022,0
169,P,0.023,0
170,A,0.024,0
171,C,0.024,0
172,P,0.024,0
173,E,0.025,0
174,E,0.026,0
175,C,0.028,0
176,S,0.031,0
177,L,0.034,0
178,I,0.039,0
179,E,0.045,0
180,G,0.051,0
181,E,0.052,0
182,D,0.048,0
183,Q,0.043,0
184,V,0.038,0
185,E,0.034,0
186,V,0.032,0
187,N,0.03,0
188,G,0.027,0
189,A,0.024,0
190,V,0.023,0
191,F,0.026,0
192,P,0.033,0
193,K,0.037,0
194,P,0.038,0
195,F,0.037,0
196,V,0.038,0
197,E,0.04,0
198,K,0.042,0
199,P,0.044,0
200,V,0.046,0
201,S,0.047,0
202,A,0.046,0
203,E,0.045,0
204,D,0.04,0
205,H,0.035,0
206,N,0.031,0
207,V,0.032,0
208,Y,0.035,0
209,I,0.038,0
210,Y,0.038,0
211,Y,0.038,0
212,P,0.041,0
213,S,0.048,0
214,S,0.061,0
215,A,0.079,0
216,G,0.096,0
217,G,0.099,0
218,G,0.089,0
219,S,0.081,0
220,Q,0.08,0
221,R,0.071,0
222,L,0.061,0
223,F,0.055,0
224,R,0.051,0
225,K,0.055,0
226,I,0.062,0
227,G,0.066,0
228,S,0.07,0
229,R,0.073,0
230,S,0.071,0
231,S,0.066,0
232,V,0.062,0
233,Y,0.062,0
234,S,0.065,0
235,P,0.063,0
236,E,0.059,0
237,S,0.056,0
238,S,0.059,0
239,V,0.074,0
240,R,0.099,0
241,K,0.107,0
242,T,0.093,0
243,G,0.08,0
244,S,0.064,0
245,Y,0.048,0
246,I,0.035,0
247,Y,0.03,0
248,E,0.03,0
249,E,0.031,0
250,F,0.031,0
251,M,0.036,0
252,P,0.044,0
253,T,0.049,0
254,D,0.048,0
255,G,0.042,0
256,T,0.036,0
257,D,0.032,0
258,V,0.027,0
259,K,0.022,0
260,V,0.019,0
261,Y,0.018,0
262,T,0.022,0
263,V,0.027,0
264,G,0.03,0
265,P,0.032,0
266,D,0.034,0
267,Y,0.033,0
268,A,0.035,0
269,H,0.04,0
270,A,0.047,0
271,E,0.053,0
272,A,0.059,0
273,R,0.064,0
274,K,0.069,0
275,S,0.071,0
276,P,0.072,0
277,A,0.075,0
278,L,0.081,0
279,D,0.086,0
280,G,0.084,0
281,K,0.077,0
282,V,0.075,0
283,E,0.079,0
284,R,0.089,0
285,D,0.1,0
286,S,0.103,0
287,E,0.097,0
288,G,0.084,0
289,K,0.067,0
290,E,0.054,0
291,V,0.046,0
292,R,0.038,0
293,Y,0.031,0
294,P,0.026,0
295,V,0.023,0
296,M,0.022,0
297,L,0.021,0
298,T,0.019,0
299,A,0.017,0
300,M,0.015,0
301,E,0.013,0
302,K,0.011,0
303,L,0.01,0
304,V,0.009,0
305,A,0.008,0
306,R,0.007,0
307,K,0.007,0
308,V,0.006,0
309,C,0.006,0
310,V,0.006,0
311,A,0.006,0
312,F,0.006,0
313,K,0.006,0
314,Q,0.006,0
315,T,0.006,0
316,V,0.006,0
317,C,0.005,0
318,G,0.005,0
319,F,0.006,0
320,D,0.006,0
321,L,0.006,0
322,L,0.007,0
323,R,0.007,0
324,A,0.008,0
325,N,0.009,0
326,G,0.01,0
327,H,0.01,0
328,S,0.01,0
329,F,0.009,0
330,V,0.008,0
331,C,0.007,0
332,D,0.007,0
333,V,0.007,0
334,N,0.007,0
335,G,0.007,0
336,F,0.007,0
337,S,0.007,0
338,F,0.007,0
339,V,0.008,0
340,K,0.008,0
341,N,0.008,0
342,S,0.007,0
343,M,0.007,0
344,K,0.007,0
345,Y,0.007,0
346,Y,0.007,0
347,D,0.007,0
348,D,0.007,0
349,C,0.008,0
350,A,0.008,0
351,K,0.008,0
352,I,0.009,0
353,L,0.01,0
354,G,0.012,0
355,N,0.015,0
356,T,0.018,0
357,I,0.021,0
358,M,0.023,0
359,R,0.023,0
360,E,0.024,0
361,L,0.029,0
362,A,0.036,0
363,P,0.04,0
364,Q,0.038,0
365,F,0.033,0
366,Q,0.029,0
367,I,0.027,0
368,P,0.027,0
369,W,0.027,0
370,S,0.029,0
371,I,0.033,0
372,P,0.038,0
373,T,0.044,0
374,E,0.051,0
375,A,0.056,0
376,E,0.058,0
377,D,0.055,0
378,I,0.049,0
379,P,0.044,0
380,I,0.041,0
381,V,0.038,0
382,P,0.035,0
383,T,0.033,0
384,T,0.034,0
385,S,0.042,0
386,G,0.049,0
387,T,0.046,0
388,M,0.035,0
389,M,0.026,0
390,E,0.021,0
391,L,0.016,0
392,R,0.012,0
393,C,0.008,0
394,V,0.007,0
395,I,0.007,0
396,A,0.008,0
397,I,0.01,0
398,I,0.013,0
399,R,0.016,0
400,H,0.019,0
401,G,0.023,0
402,D,0.028,0
403,R,0.031,0
404,T,0.032,0
405,P,0.032,0
406,K,0.032,0
407,Q,0.031,0
408,K,0.03,0
409,M,0.028,0
410,K,0.026,0
411,M,0.024,0
412,E,0.021,0
413,V,0.018,0
414,T,0.016,0
415,H,0.014,0
416,P,0.012,0
417,R,0.01,0
418,F,0.01,0
419,F,0.009,0
420,A,0.01,0
421,L,0.01,0
422,F,0.012,0
423,E,0.013,0
424,K,0.015,0
425,H,0.019,0
426,G,0.024,0
427,G,0.03,0
428,Y,0.035,0
429,K,0.036,0
430,T,0.035,0
431,G,0.034,0
432,K,0.032,0
433,L,0.03,0
434,K,0.027,0
435,L,0.026,0
436,K,0.026,0
437,R,0.027,0
438,P,0.026,0
439,E,0.025,0
440,Q,0.023,0
441,L,0.022,0
442,Q,0.021,0
443,E,0.021,0
444,V,0.022,0
445,L,0.02,0
446,D,0.017,0
447,I,0.013,0
448,T,0.012,0
449,R,0.013,0
450,L,0.015,0
451,L,0.017,0
452,L,0.021,0
453,A,0.025,0
454,E,0.033,0
455,L,0.041,0
456,E,0.048,0
457,K,0.06,0
458,E,0.078,0
459,P,0.096,0
460,E,0.105,0
461,A,0.105,0
462,E,0.098,0
463,I,0.089,0
464,E,0.081,0
465,E,0.075,0
466,K,0.07,0
467,T,0.064,0
468,G,0.055,0
469,K,0.046,0
470,L,0.038,0
471,E,0.031,0
472,Q,0.025,0
473,L,0.022,0
474,K,0.019,0
475,S,0.018,0
476,V,0.017,0
477,L,0.016,0
478,E,0.016,0
479,M,0.018,0
480,Y,0.021,0
481,G,0.024,0
482,H,0.026,0
483,F,0.027,0
484,S,0.027,0
485,G,0.026,0
486,I,0.026,0
487,N,0.026,0
488,R,0.026,0
489,K,0.025,0
490,V,0.023,0
491,Q,0.021,0
492,L,0.019,0
493,T,0.018,0
494,Y,0.017,0
495,Y,0.018,0
496,P,0.021,0
497,H,0.024,0
498,G,0.029,0
499,V,0.035,0
500,K,0.043,0
501,A,0.053,0
502,S,0.063,0
503,N,0.069,0
504,E,0.073,0
505,G,0.074,0
506,Q,0.073,0
507,D,0.07,0
508,L,0.065,0
509,Q,0.06,0
510,R,0.055,0
511,E,0.048,0
512,P,0.039,0
513,L,0.03,0
514,A,0.023,0
515,P,0.019,0
516,S,0.015,0
517,L,0.013,0
518,L,0.013,0
519,L,0.012,0
520,V,0.013,0
521,L,0.014,0
522,K,0.016,0
523,W,0.018,0
524,G,0.021,0
525,G,0.024,0
526,E,0.025,0
527,L,0.025,0
528,T,0.027,0
529,P,0.031,0
530,D,0.035,0
531,G,0.035,0
532,R,0.032,0
533,V,0.028,0
534,Q,0.025,0
535,A,0.022,0
536,E,0.02,0
537,E,0.019,0
538,L,0.018,0
539,G,0.016,0
540,R,0.014,0
541,A,0.012,0
542,F,0.01,0
543,R,0.009,0
544,C,0.009,0
545,M,0.01,0
546,Y,0.011,0
547,P,0.014,0
548,G,0.017,0
549,G,0.02,0
550,Q,0.024,0
551,G,0.026,0
552,D,0.026,0
553,Y,0.023,0
554,A,0.019,0
555,G,0.016,0
556,F,0.013,0
557,P,0.012,0
558,G,0.011,0
559,C,0.01,0
560,G,0.009,0
561,L,0.009,0
562,L,0.008,0
563,R,0.008,0
564,L,0.008,0
565,H,0.009,0
566,S,0.009,0
567,T,0.009,0
568,F,0.009,0
569,R,0.009,0
570,H,0.009,0
571,D,0.009,0
572,L,0.009,0
573,K,0.01,0
574,I,0.011,0
575,Y,0.012,0
576,A,0.013,0
577,S,0.014,0
578,D,0.015,0
579,E,0.016,0
580,G,0.017,0
581,R,0.017,0
582,V,0.016,0
583,Q,0.014,0
584,M,0.013,0
585,T,0.011,0
586,A,0.01,0
587,A,0.008,0
588,A,0.008,0
589,F,0.007,0
590,A,0.007,0
591,K,0.008,0
592,G,0.009,0
593,L,0.01,0
594,L,0.011,0
595,A,0.011,0
596,L,0.012,0
597,E,0.014,0
598,G,0.016,0
599,E,0.018,0
600,L,0.018,0
601,T,0.018,0
602,P,0.019,0
603,I,0.02,0
604,L,0.02,0
605,V,0.021,0
606,Q,0.022,0
607,M,0.023,0
608,V,0.026,0
609,K,0.03,0
610,S,0.035,0
611,A,0.043,0
612,N,0.053,0
613,M,0.065,0
614,N,0.076,0
615,G,0.085,0
616,L,0.092,0
617,L,0.1,0
618,D,0.108,0
619,S,0.119,0
620,D,0.13,0
621,S,0.137,0
622,D,0.136,0
623,S,0.126,0
624,L,0.111,0
625,S,0.1,0
626,S,0.091,0
627,C,0.085,0
628,Q,0.083,0
629,H,0.081,0
630,R,0.082,0
631,V,0.081,0
632,K,0.078,0
633,A,0.087,0
634,R,0.106,0
635,L,0.121,0
636,H,0.125,0
637,H,0.124,0
638,I,0.129,0
639,L,0.133,0
640,Q,0.126,0
641,Q,0.121,0
642,D,0.129,0
643,A,0.151,0
644,P,0.155,0
645,F,0.13,0
646,G,0.112,0
647,P,0.104,0
648,E,0.101,0
649,D,0.094,0
650,Y,0.083,0
651,D,0.076,0
652,Q,0.075,0
653,L,0.079,0
654,A,0.085,0
655,P,0.093,0
656,T,0.098,0
657,G,0.096,0
658,S,0.085,0
659,T,0.073,0
660,S,0.064,0
661,L,0.058,0
662,L,0.054,0
663,N,0.049,0
664,S,0.044,0
665,M,0.042,0
666,S,0.049,0
667,V,0.058,0
668,I,0.052,0
669,Q,0.039,0
670,N,0.03,0
671,P,0.026,0
672,V,0.025,0
673,K,0.023,0
674,V,0.021,0
675,C,0.018,0
676,D,0.014,0
677,Q,0.012,0
678,V,0.01,0
679,F,0.01,0
680,A,0.01,0
681,L,0.01,0
682,I,0.01,0
683,E,0.01,0
684,N,0.012,0
685,L,0.013,0
686,T,0.013,0
687,H,0.013,0
688,Q,0.014,0
689,I,0.015,0
690,R,0.017,0
691,E,0.019,0
692,R,0.022,0
693,M,0.025,0
694,Q,0.028,0
695,D,0.031,0
696,P,0.032,0
697,S,0.033,0
698,S,0.034,0
699,V,0.033,0
700,D,0.03,0
701,L,0.026,0
702,Q,0.022,0
703,L,0.02,0
704,Y,0.017,0
705,H,0.015,0
706,S,0.014,0
707,E,0.012,0
708,T,0.011,0
709,L,0.01,0
710,E,0.01,0
711,L,0.009,0
712,M,0.009,0
713,L,0.009,0
714,Q,0.009,0
715,R,0.01,0
716,W,0.011,0
717,S,0.012,0
718,K,0.015,0
719,L,0.018,0
720,E,0.021,0
721,R,0.024,0
722,D,0.027,0
723,F,0.03,0
724,R,0.034,0
725,Q,0.037,0
726,K,0.039,0
727,S,0.039,0
728,G,0.038,0
729,R,0.035,0
730,Y,0.031,0
731,D,0.027,0
732,I,0.023,0
733,S,0.019,0
734,K,0.017,0
735,I,0.015,0
736,P,0.014,0
737,D,0.012,0
738,I,0.011,0
739,Y,0.01,0
740,D,0.009,0
741,C,0.008,0
742,V,0.008,0
743,K,0.008,0
744,Y,0.01,0
745,D,0.013,0
746,V,0.017,0
747,Q,0.02,0
748,H,0.022,0
749,N,0.025,0
750,G,0.028,0
751,S,0.029,0
752,L,0.029,0
753,G,0.029,0
754,L,0.027,0
755,Q,0.024,0
756,G,0.02,0
757,T,0.017,0
758,A,0.014,0
759,E,0.011,0
760,L,0.01,0
761,L,0.008,0
762,R,0.008,0
763,L,0.008,0
764,S,0.008,0
765,K,0.008,0
766,A,0.008,0
767,L,0.009,0
768,A,0.009,0
769,D,0.01,0
770,V,0.01,0
771,V,0.011,0
772,I,0.012,0
773,P,0.013,0
774,Q,0.014,0
775,E,0.015,0
776,Y,0.015,0
777,G,0.016,0
778,I,0.015,0
779,S,0.015,0
780,R,0.015,0
781,E,0.014,0
782,E,0.013,0
783,K,0.01,0
784,V,0.008,0
785,E,0.007,0
786,I,0.006,0
787,A,0.006,0
788,V,0.005,0
789,G,0.005,0
790,F,0.005,0
791,C,0.005,0
792,L,0.005,0
793,P,0.006,0
794,L,0.007,0
795,L,0.008,0
796,R,0.01,0
797,K,0.013,0
798,I,0.017,0
799,L,0.021,0
800,L,0.027,0
801,D,0.036,0
802,L,0.048,0
803,Q,0.06,0
804,R,0.075,0
805,T,0.093,0
806,H,0.11,0
807,E,0.116,0
808,D,0.114,0
809,E,0.108,0
810,S,0.102,0
811,V,0.094,0
812,N,0.084,0
813,K,0.073,0
814,L,0.061,0
815,H,0.051,0
816,P,0.043,0
817,L,0.038,0
818,Y,0.035,0
819,S,0.033,0
820,R,0.03,0
821,G,0.028,0
822,V,0.028,0
823,L,0.03,0
824,S,0.031,0
825,P,0.03,0
826,G,0.029,0
827,R,0.031,0
828,H,0.033,0
829,V,0.035,0
830,R,0.033,0
831,T,0.03,0
832,R,0.029,0
833,L,0.028,0
834,Y,0.028,0
835,F,0.026,0
836,T,0.023,0
837,S,0.022,0
838,E,0.021,0
839,S,0.019,0
840,H,0.017,0
841,V,0.014,0
842,H,0.011,0
843,S,0.01,0
844,L,0.009,0
845,L,0.009,0
846,S,0.009,0
847,V,0.008,0
848,F,0.008,0
849,R,0.009,0
850,Y,0.011,0
851,G,0.013,0
852,G,0.016,0
853,L,0.018,0
854,L,0.019,0
855,D,0.019,0
856,E,0.02,0
857,T,0.021,0
858,Q,0.022,0
859,D,0.021,0
860,A,0.018,0
861,Q,0.014,0
862,W,0.011,0
863,Q,0.009,0
864,R,0.008,0
865,A,0.007,0
866,L,0.006,0
867,A,0.006,0
868,Y,0.005,0
869,L,0.004,0
870,S,0.004,0
871,A,0.004,0
872,I,0.004,0
873,S,0.004,0
874,E,0.004,0
875,L,0.004,0
876,N,0.004,0
877,Y,0.004,0
878,M,0.004,0
879,T,0.004,0
880,Q,0.004,0
881,I,0.004,0
882,V,0.004,0
883,I,0.005,0
884,M,0.006,0
885,L,0.008,0
886,Y,0.01,0
887,E,0.013,0
888,D,0.019,0
889,N,0.025,0
890,T,0.03,0
891,R,0.03,0
892,D,0.028,0
893,P,0.027,0
894,L,0.025,0
895,S,0.024,0
896,E,0.022,0
897,E,0.021,0
898,R,0.022,0
899,F,0.023,0
900,H,0.026,0
901,V,0.029,0
902,E,0.032,0
903,L,0.035,0
904,H,0.038,0
905,F,0.042,0
906,S,0.051,0
907,P,0.068,0
908,G,0.09,0
909,V,0.111,0
910,K,0.131,0
911,G,0.159,0
912,V,0.202,0
913,E,0.254,0
914,E,0.298,0
915,G,0.314,0
916,S,0.312,0
917,A,0.293,0
918,P,0.263,0
919,A,0.251,0
920,G,0.281,0
921,C,0.336,0
922,G,0.385,1
923,F,0.424,1
924,R,0.448,1
925,P,0.457,1
926,A,0.461,1
927,S,0.454,1
928,S,0.457,1
929,E,0.503,1
930,N,0.555,1
931,E,0.601,1
932,E,0.67,1
933,M,0.738,1
934,K,0.759,1
935,T,0.764,1
936,D,0.78,1
937,P,0.784,1
938,G,0.771,1
939,S,0.758,1
940,I,0.755,1
941,E,0.76,1
942,N,0.766,1
943,L,0.781,1
944,C,0.819,1
945,P,0.866,1
946,G,0.882,1
947,K,0.858,1
948,A,0.818,1
949,S,0.801,1
950,D,0.801,1
951,E,0.781,1
952,P,0.757,1
953,D,0.74,1
954,R,0.751,1
955,A,0.748,1
956,L,0.715,1
957,Q,0.678,1
958,T,0.663,1
959,S,0.666,1
960,P,0.665,1
961,Q,0.655,1
962,P,0.645,1
963,V,0.648,1
964,E,0.688,1
965,G,0.759,1
966,T,0.8,1
967,G,0.817,1
968,L,0.816,1
969,P,0.799,1
970,R,0.776,1
971,R,0.726,1
972,S,0.711,1
973,P,0.78,1
974,L,0.865,1
975,I,0.91,1
976,R,0.93,1
977,N,0.942,1
978,R,0.949,1
979,K,0.95,1
980,A,0.946,1
981,G,0.942,1
982,S,0.938,1
983,M,0.931,1
984,E,0.924,1
985,V,0.917,1
986,L,0.915,1
987,S,0.918,1
988,E,0.921,1
989,T,0.918,1
990,S,0.906,1
991,S,0.883,1
992,S,0.857,1
993,R,0.833,1
994,P,0.81,1
995,G,0.8,1
996,G,0.799,1
997,Y,0.796,1
998,R,0.77,1
999,L,0.709,1
1000,F,0.651,1
1001,S,0.634,1
1002,S,0.655,1
1003,S,0.706,1
1004,R,0.76,1
1005,P,0.788,1
1006,P,0.787,1
1007,T,0.788,1
1008,E,0.789,1
1009,M,0.784,1
1010,K,0.768,1
1011,Q,0.737,1
1012,S,0.714,1
1013,G,0.735,1
1014,L,0.769,1
1015,G,0.778,1
1016,S,0.767,1
1017,Q,0.728,1
1018,C,0.66,1
1019,T,0.632,1
1020,G,0.684,1
1021,L,0.757,1
1022,F,0.783,1
1023,S,0.756,1
1024,T,0.706,1
1025,T,0.693,1
1026,V,0.73,1
1027,L,0.748,1
1028,G,0.721,1
1029,G,0.676,1
1030,S,0.604,1
1031,S,0.477,1
1032,S,0.342,0
1033,A,0.258,0
1034,P,0.232,0
1035,N,0.242,0
1036,L,0.236,0
1037,Q,0.201,0
1038,D,0.158,0
1039,Y,0.134,0
1040,A,0.124,0
1041,R,0.126,0
1042,T,0.13,0
1043,H,0.133,0
1044,G,0.131,0
1045,K,0.126,0
1046,K,0.117,0
1047,L,0.107,0
1048,P,0.103,0
1049,P,0.101,0
1050,A,0.095,0
1051,S,0.085,0
1052,L,0.076,0
1053,K,0.068,0
1054,H,0.065,0
1055,R,0.065,0
1056,D,0.062,0
1057,E,0.055,0
1058,L,0.042,0
1059,L,0.03,0
1060,F,0.021,0
1061,V,0.017,0
1062,P,0.016,0
1063,A,0.016,0
1064,V,0.014,0
1065,K,0.012,0
1066,R,0.011,0
1067,F,0.011,0
1068,S,0.01,0
1069,V,0.011,0
1070,S,0.011,0
1071,F,0.012,0
1072,A,0.013,0
1073,K,0.015,0
1074,H,0.017,0
1075,P,0.02,0
1076,T,0.023,0
1077,N,0.024,0
1078,G,0.023,0
1079,F,0.022,0
1080,E,0.02,0
1081,G,0.019,0
1082,C,0.017,0
1083,S,0.017,0
1084,M,0.016,0
1085,V,0.015,0
1086,P,0.014,0
1087,T,0.012,0
1088,I,0.012,0
1089,Y,0.011,0
1090,P,0.011,0
1091,L,0.011,0
1092,E,0.011,0
1093,T,0.01,0
1094,L,0.01,0
1095,H,0.01,0
1096,N,0.009,0
1097,A,0.009,0
1098,L,0.01,0
1099,S,0.01,0
1100,L,0.01,0
1101,R,0.011,0
1102,Q,0.013,0
1103,V,0.015,0
1104,S,0.018,0
1105,E,0.02,0
1106,F,0.021,0
1107,L,0.023,0
1108,T,0.029,0
1109,K,0.035,0
1110,V,0.04,0
1111,C,0.046,0
1112,Q,0.058,0
1113,R,0.085,0
1114,H,0.128,0
1115,T,0.182,0
1116,D,0.227,0
1117,A,0.256,0
1118,H,0.286,0
1119,A,0.324,0
1120,Q,0.365,1
1121,A,0.416,1
1122,S,0.449,1
1123,A,0.454,1
1124,A,0.46,1
1125,L,0.483,1
1126,F,0.525,1
1127,D,0.579,1
1128,S,0.628,1
1129,M,0.69,1
1130,H,0.752,1
1131,N,0.79,1
1132,H,0.804,1
1133,Q,0.807,1
1134,A,0.807,1
1135,S,0.819,1
1136,D,0.845,1
1137,S,0.866,1
1138,P,0.863,1
1139,F,0.848,1
1140,S,0.838,1
1141,P,0.839,1
1142,P,0.855,1
1143,R,0.875,1
1144,T,0.89,1
1145,L,0.908,1
1146,H,0.92,1
1147,S,0.925,1
1148,P,0.922,1
1149,P,0.919,1
1150,L,0.925,1
1151,Q,0.934,1
1152,L,0.938,1
1153,R,0.942,1
1154,H,0.949,1
1155,R,0.955,1
1156,S,0.957,1
1157,E,0.957,1
1158,K,0.954,1
1159,P,0.951,1
1160,P,0.95,1
1161,W,0.949,1
1162,Y,0.948,1
1163,S,0.944,1
1164,S,0.934,1
1165,G,0.923,1
1166,P,0.916,1
1167,S,0.913,1
1168,S,0.902,1
1169,T,0.88,1
1170,V,0.847,1
1171,S,0.828,1
1172,S,0.836,1
1173,A,0.871,1
1174,G,0.906,1
1175,P,0.911,1
1176,S,0.877,1
1177,S,0.829,1
1178,P,0.79,1
1179,T,0.759,1
1180,T,0.697,1
1181,V,0.638,1
1182,D,0.634,1
1183,G,0.699,1
1184,N,0.75,1
1185,S,0.749,1
1186,H,0.718,1
1187,F,0.733,1
1188,G,0.795,1
1189,F,0.852,1
1190,S,0.878,1
1191,D,0.883,1
1192,Q,0.866,1
1193,S,0.84,1
1194,S,0.8,1
1195,V,0.743,1
1196,N,0.693,1
1197,I,0.658,1
1198,H,0.633,1
1199,M,0.588,1
1200,T,0.533,1
1201,E,0.495,1
1202,E,0.48,1
1203,K,0.474,1
1204,Q,0.472,1
1205,G,0.454,1
1206,F,0.412,1
1207,G,0.368,1
1208,L,0.339,0
1209,L,0.328,0
1210,Q,0.358,1
1211,E,0.411,1
1212,T,0.414,1
1213,P,0.381,1
1214,G,0.372,1
1215,D,0.388,1
1216,G,0.401,1
1217,T,0.362,1
1218,R,0.304,0
1219,E,0.273,0
1220,L,0.26,0
1221,H,0.235,0
1222,I,0.199,0
1223,E,0.176,0
1224,R,0.198,0
1225,Q,0.252,0
1226,Q,0.294,0
1227,E,0.289,0
1228,L,0.263,0
1229,V,0.245,0
1230,E,0.237,0
1231,P,0.214,0
1232,A,0.184,0
1233,Q,0.182,0
1234,S,0.223,0
1235,P,0.282,0
1236,Q,0.311,0
1237,E,0.315,0
1238,L,0.308,0
1239,P,0.289,0
1240,V,0.255,0
1241,E,0.224,0
1242,I,0.211,0
1243,C,0.211,0
1244,P,0.194,0
1245,S,0.163,0
1246,G,0.147,0
1247,S,0.154,0
1248,Q,0.171,0
1249,G,0.177,0
1250,V,0.182,0
1251,T,0.203,0
1252,K,0.23,0
1253,V,0.233,0
1254,S,0.208,0
1255,Q,0.182,0
1256,T,0.187,0
1257,C,0.196,0
1258,Q,0.181,0
1259,E,0.15,0
1260,V,0.129,0
1261,P,0.118,0
1262,D,0.102,0
1263,I,0.07,0
1264,V,0.051,0
1265,Q,0.05,0
1266,P,0.054,0
1267,C,0.059,0
1268,H,0.064,0
1269,N,0.075,0
1270,I,0.094,0
1271,H,0.117,0
1272,E,0.136,0
1273,E,0.141,0
1274,I,0.139,0
1275,G,0.133,0
1276,Q,0.121,0
1277,P,0.109,0
1278,Q,0.103,0
1279,Q,0.102,0
1280,E,0.103,0
1281,V,0.099,0
1282,P,0.085,0
1283,D,0.081,0
1284,I,0.087,0
1285,S,0.09,0
1286,Q,0.084,0
1287,L,0.071,0
1288,L,0.057,0
1289,L,0.05,0
1290,K,0.047,0
1291,D,0.047,0
1292,H,0.051,0
1293,D,0.053,0
1294,T,0.049,0
1295,T,0.044,0
1296,T,0.042,0
1297,N,0.047,0
1298,T,0.053,0
1299,C,0.054,0
1300,H,0.048,0
1301,L,0.042,0
1302,C,0.037,0
1303,Q,0.035,0
1304,A,0.031,0
1305,S,0.029,0
1306,Q,0.026,0
1307,L,0.024,0
1308,S,0.022,0
1309,Q,0.02,0
1310,K,0.017,0
1311,V,0.015,0
1312,C,0.013,0
1313,E,0.011,0
1314,E,0.011,0
1315,I,0.011,0
1316,C,0.013,0
1317,Q,0.016,0
1318,L,0.019,0
1319,C,0.023,0
1320,Q,0.03,0
1321,D,0.039,0
1322,N,0.048,0
1323,H,0.055,0
1324,E,0.059,0
1325,E,0.055,0
1326,S,0.047,0
1327,N,0.037,0
1328,Q,0.028,0
1329,L,0.023,0
1330,C,0.02,0
1331,Q,0.018,0
1332,E,0.017,0
1333,V,0.017,0
1334,S,0.017,0
1335,V,0.018,0
1336,K,0.02,0
1337,L,0.023,0
1338,G,0.026,0
1339,R,0.028,0
1340,M,0.028,0
1341,V,0.029,0
1342,H,0.03,0
1343,G,0.032,0
1344,F,0.032,0
1345,P,0.033,0
1346,V,0.035,0
1347,N,0.039,0
1348,V,0.042,0
1349,D,0.044,0
1350,S,0.045,0
1351,T,0.044,0
1352,A,0.039,0
1353,Q,0.034,0
1354,E,0.032,0
1355,T,0.031,0
1356,L,0.032,0
1357,M,0.033,0
1358,E,0.034,0
1359,I,0.038,0
1360,G,0.043,0
1361,R,0.05,0
1362,P,0.058,0
1363,T,0.064,0
1364,Q,0.066,0
1365,E,0.067,0
1366,I,0.066,0
1367,P,0.065,0
1368,E,0.06,0
1369,D,0.052,0
1370,P,0.045,0
1371,Y,0.043,0
1372,Q,0.048,0
1373,E,0.059,0
1374,F,0.069,0
1375,S,0.075,0
1376,V,0.079,0
1377,K,0.086,0
1378,V,0.088,0
1379,G,0.084,0
1380,V,0.081,0
1381,L,0.084,0
1382,A,0.088,0
1383,Q,0.093,0
1384,K,0.105,0
1385,A,0.127,0
1386,P,0.166,0
1387,A,0.233,0
1388,I,0.31,0
1389,S,0.382,1
1390,E,0.43,1
1391,L,0.452,1
1392,S,0.471,1
1393,Q,0.522,1
1394,D,0.595,1
1395,I,0.67,1
1396,P,0.724,1
1397,E,0.758,1
1398,A,0.779,1
1399,D,0.778,1
1400,K,0.777,1
1401,P,0.786,1
1402,S,0.804,1
1403,Q,0.834,1
1404,E,0.857,1
1405,L,0.858,1
1406,S,0.853,1
1407,E,0.859,1
1408,E,0.887,1
1409,T,0.923,1
1410,E,0.94,1
1411,L,0.936,1
1412,Q,0.923,1
1413,A,0.913,1
1414,Q,0.91,1
1415,E,0.911,1
1416,V,0.911,1
1417,S,0.9,1
1418,E,0.883,1
1419,E,0.864,1
1420,I,0.833,1
1421,D,0.791,1
1422,Q,0.781,1
1423,E,0.787,1
1424,S,0.785,1
1425,E,0.784,1
1426,V,0.788,1
1427,V,0.799,1
1428,D,0.815,1
1429,E,0.841,1
1430,L,0.875,1
1431,P,0.873,1
1432,P,0.824,1
1433,E,0.841,1
1434,A,0.855,1
1435,I,0.851,1
1436,S,0.778,1
