1,M,0.647,1
2,A,0.441,1
3,A,0.306,0
4,S,0.188,0
5,E,0.131,0
6,L,0.097,0
7,Y,0.07,0
8,T,0.054,0
9,K,0.043,0
10,F,0.031,0
11,A,0.025,0
12,R,0.021,0
13,V,0.018,0
14,W,0.016,0
15,I,0.015,0
16,P,0.015,0
17,D,0.015,0
18,P,0.015,0
19,E,0.015,0
20,E,0.014,0
21,V,0.014,0
22,W,0.012,0
23,K,0.011,0
24,S,0.01,0
25,A,0.01,0
26,E,0.009,0
27,L,0.009,0
28,L,0.009,0
29,K,0.009,0
30,D,0.01,0
31,Y,0.01,0
32,K,0.011,0
33,P,0.01,0
34,G,0.01,0
35,D,0.009,0
36,K,0.008,0
37,V,0.008,0
38,L,0.008,0
39,L,0.008,0
40,L,0.008,0
41,H,0.009,0
42,L,0.01,0
43,E,0.013,0
44,E,0.016,0
45,G,0.018,0
46,K,0.019,0
47,D,0.019,0
48,L,0.018,0
49,E,0.017,0
50,Y,0.016,0
51,R,0.016,0
52,L,0.016,0
53,D,0.017,0
54,P,0.018,0
55,K,0.021,0
56,T,0.023,0
57,G,0.023,0
58,E,0.023,0
59,L,0.022,0
60,P,0.02,0
61,H,0.019,0
62,L,0.018,0
63,R,0.017,0
64,N,0.016,0
65,P,0.015,0
66,D,0.015,0
67,I,0.015,0
68,L,0.015,0
69,V,0.016,0
70,G,0.016,0
71,E,0.016,0
72,N,0.016,0
73,D,0.014,0
74,L,0.013,0
75,T,0.012,0
76,A,0.01,0
77,L,0.009,0
78,S,0.008,0
79,Y,0.007,0
80,L,0.007,0
81,H,0.006,0
82,E,0.006,0
83,P,0.006,0
84,A,0.005,0
85,V,0.005,0
86,L,0.005,0
87,H,0.005,0
88,N,0.005,0
89,L,0.005,0
90,R,0.005,0
91,V,0.005,0
92,R,0.006,0
93,F,0.006,0
94,I,0.006,0
95,D,0.005,0
96,S,0.005,0
97,K,0.004,0
98,L,0.004,0
99,I,0.003,0
100,Y,0.003,0
101,T,0.003,0
102,Y,0.003,0
103,C,0.003,0
104,G,0.002,0
105,I,0.002,0
106,V,0.002,0
107,L,0.003,0
108,V,0.004,0
109,A,0.005,0
110,I,0.005,0
111,N,0.006,0
112,P,0.006,0
113,Y,0.008,0
114,E,0.01,0
115,Q,0.012,0
116,L,0.014,0
117,P,0.014,0
118,I,0.015,0
119,Y,0.015,0
120,G,0.015,0
121,E,0.014,0
122,D,0.013,0
123,I,0.013,0
124,I,0.013,0
125,N,0.014,0
126,A,0.015,0
127,Y,0.017,0
128,S,0.02,0
129,G,0.025,0
130,Q,0.034,0
131,N,0.04,0
132,M,0.042,0
133,G,0.041,0
134,D,0.038,0
135,M,0.035,0
136,D,0.031,0
137,P,0.026,0
138,H,0.021,0
139,I,0.018,0
140,F,0.017,0
141,A,0.018,0
142,V,0.021,0
143,A,0.023,0
144,E,0.024,0
145,E,0.026,0
146,A,0.027,0
147,Y,0.028,0
148,K,0.029,0
149,Q,0.029,0
150,M,0.03,0
151,A,0.03,0
152,R,0.031,0
153,D,0.031,0
154,E,0.031,0
155,R,0.032,0
156,N,0.035,0
157,Q,0.036,0
158,S,0.034,0
159,I,0.031,0
160,I,0.027,0
161,V,0.024,0
162,S,0.025,0
163,G,0.029,0
164,E,0.035,0
165,S,0.04,0
166,G,0.041,0
167,A,0.039,0
168,G,0.035,0
169,K,0.031,0
170,T,0.031,0
171,V,0.032,0
172,S,0.028,0
173,A,0.022,0
174,K,0.017,0
175,Y,0.013,0
176,A,0.013,0
177,M,0.015,0
178,R,0.018,0
179,Y,0.018,0
180,F,0.015,0
181,A,0.014,0
182,T,0.017,0
183,V,0.024,0
184,S,0.033,0
185,G,0.046,0
186,S,0.056,0
187,A,0.065,0
188,S,0.072,0
189,E,0.076,0
190,A,0.076,0
191,N,0.076,0
192,V,0.073,0
193,E,0.064,0
194,E,0.053,0
195,K,0.045,0
196,V,0.04,0
197,L,0.039,0
198,A,0.039,0
199,S,0.037,0
200,N,0.037,0
201,P,0.038,0
202,I,0.038,0
203,M,0.037,0
204,E,0.04,0
205,S,0.047,0
206,I,0.057,0
207,G,0.062,0
208,N,0.061,0
209,A,0.064,0
210,K,0.076,0
211,T,0.094,0
212,T,0.106,0
213,R,0.107,0
214,N,0.098,0
215,D,0.082,0
216,N,0.068,0
217,S,0.059,0
218,S,0.052,0
219,R,0.044,0
220,F,0.033,0
221,G,0.022,0
222,K,0.016,0
223,Y,0.013,0
224,I,0.012,0
225,E,0.012,0
226,I,0.013,0
227,G,0.013,0
228,F,0.011,0
229,D,0.01,0
230,K,0.01,0
231,R,0.009,0
232,Y,0.007,0
233,R,0.006,0
234,I,0.005,0
235,I,0.005,0
236,G,0.005,0
237,A,0.005,0
238,N,0.005,0
239,M,0.005,0
240,R,0.006,0
241,T,0.006,0
242,Y,0.006,0
243,L,0.006,0
244,L,0.007,0
245,E,0.008,0
246,K,0.01,0
247,S,0.011,0
248,R,0.013,0
249,V,0.015,0
250,V,0.017,0
251,F,0.02,0
252,Q,0.022,0
253,A,0.024,0
254,E,0.023,0
255,E,0.021,0
256,E,0.017,0
257,R,0.014,0
258,N,0.011,0
259,Y,0.009,0
260,H,0.007,0
261,I,0.006,0
262,F,0.006,0
263,Y,0.006,0
264,Q,0.006,0
265,L,0.006,0
266,C,0.007,0
267,A,0.009,0
268,S,0.013,0
269,A,0.016,0
270,K,0.019,0
271,L,0.02,0
272,P,0.021,0
273,E,0.021,0
274,F,0.02,0
275,K,0.02,0
276,M,0.02,0
277,L,0.023,0
278,R,0.026,0
279,L,0.032,0
280,G,0.039,0
281,N,0.043,0
282,A,0.045,0
283,D,0.045,0
284,S,0.041,0
285,F,0.037,0
286,H,0.035,0
287,Y,0.036,0
288,T,0.04,0
289,K,0.048,0
290,Q,0.055,0
291,G,0.062,0
292,G,0.072,0
293,S,0.079,0
294,P,0.082,0
295,M,0.079,0
296,I,0.075,0
297,E,0.071,0
298,G,0.068,0
299,V,0.064,0
300,D,0.062,0
301,D,0.063,0
302,A,0.064,0
303,K,0.063,0
304,E,0.058,0
305,M,0.053,0
306,A,0.05,0
307,H,0.045,0
308,T,0.041,0
309,R,0.036,0
310,Q,0.031,0
311,A,0.026,0
312,C,0.022,0
313,T,0.019,0
314,L,0.02,0
315,L,0.024,0
316,G,0.028,0
317,I,0.029,0
318,S,0.024,0
319,E,0.018,0
320,S,0.015,0
321,Y,0.014,0
322,Q,0.014,0
323,M,0.014,0
324,G,0.012,0
325,I,0.011,0
326,F,0.01,0
327,R,0.008,0
328,I,0.008,0
329,L,0.008,0
330,A,0.008,0
331,G,0.007,0
332,I,0.007,0
333,L,0.008,0
334,H,0.008,0
335,L,0.009,0
336,G,0.011,0
337,N,0.014,0
338,V,0.018,0
339,G,0.023,0
340,F,0.03,0
341,A,0.041,0
342,S,0.051,0
343,R,0.059,0
344,D,0.065,0
345,S,0.065,0
346,D,0.058,0
347,S,0.051,0
348,C,0.044,0
349,T,0.038,0
350,I,0.034,0
351,P,0.029,0
352,P,0.024,0
353,K,0.019,0
354,H,0.015,0
355,E,0.012,0
356,P,0.01,0
357,L,0.01,0
358,T,0.009,0
359,I,0.008,0
360,F,0.007,0
361,C,0.007,0
362,D,0.008,0
363,L,0.009,0
364,M,0.01,0
365,G,0.011,0
366,V,0.012,0
367,D,0.012,0
368,Y,0.012,0
369,E,0.012,0
370,E,0.012,0
371,M,0.011,0
372,C,0.01,0
373,H,0.009,0
374,W,0.008,0
375,L,0.008,0
376,C,0.008,0
377,H,0.008,0
378,R,0.009,0
379,K,0.011,0
380,L,0.013,0
381,A,0.016,0
382,T,0.017,0
383,A,0.018,0
384,T,0.019,0
385,E,0.019,0
386,T,0.018,0
387,Y,0.016,0
388,I,0.015,0
389,K,0.015,0
390,P,0.015,0
391,I,0.015,0
392,S,0.015,0
393,K,0.016,0
394,L,0.017,0
395,Q,0.017,0
396,A,0.017,0
397,T,0.017,0
398,N,0.016,0
399,A,0.014,0
400,R,0.013,0
401,D,0.012,0
402,A,0.01,0
403,L,0.009,0
404,A,0.008,0
405,K,0.007,0
406,H,0.007,0
407,I,0.006,0
408,Y,0.005,0
409,A,0.005,0
410,K,0.004,0
411,L,0.004,0
412,F,0.003,0
413,N,0.003,0
414,W,0.003,0
415,I,0.004,0
416,V,0.005,0
417,D,0.005,0
418,H,0.006,0
419,V,0.008,0
420,N,0.009,0
421,Q,0.011,0
422,A,0.012,0
423,L,0.013,0
424,H,0.013,0
425,S,0.013,0
426,A,0.013,0
427,V,0.013,0
428,K,0.012,0
429,Q,0.012,0
430,H,0.01,0
431,S,0.009,0
432,F,0.008,0
433,I,0.007,0
434,G,0.006,0
435,V,0.006,0
436,L,0.005,0
437,D,0.005,0
438,I,0.005,0
439,Y,0.004,0
440,G,0.004,0
441,F,0.004,0
442,E,0.004,0
443,T,0.005,0
444,F,0.005,0
445,E,0.005,0
446,I,0.006,0
447,N,0.006,0
448,S,0.006,0
449,F,0.006,0
450,E,0.006,0
451,Q,0.006,0
452,F,0.006,0
453,C,0.006,0
454,I,0.007,0
455,N,0.006,0
456,Y,0.006,0
457,A,0.006,0
458,N,0.007,0
459,E,0.008,0
460,K,0.008,0
461,L,0.008,0
462,Q,0.008,0
463,Q,0.008,0
464,Q,0.007,0
465,F,0.006,0
466,N,0.006,0
467,M,0.006,0
468,H,0.006,0
469,V,0.006,0
470,F,0.007,0
471,K,0.008,0
472,L,0.009,0
473,E,0.011,0
474,Q,0.012,0
475,E,0.012,0
476,E,0.012,0
477,Y,0.012,0
478,M,0.012,0
479,K,0.011,0
480,E,0.01,0
481,Q,0.01,0
482,I,0.009,0
483,P,0.008,0
484,W,0.007,0
485,T,0.006,0
486,L,0.006,0
487,I,0.007,0
488,D,0.008,0
489,F,0.009,0
490,Y,0.01,0
491,D,0.011,0
492,N,0.012,0
493,Q,0.012,0
494,P,0.012,0
495,C,0.011,0
496,I,0.01,0
497,N,0.009,0
498,L,0.008,0
499,I,0.009,0
500,E,0.01,0
501,S,0.01,0
502,K,0.011,0
503,L,0.012,0
504,G,0.014,0
505,I,0.015,0
506,L,0.015,0
507,D,0.015,0
508,L,0.015,0
509,L,0.015,0
510,D,0.015,0
511,E,0.016,0
512,E,0.018,0
513,C,0.02,0
514,K,0.022,0
515,M,0.025,0
516,P,0.028,0
517,K,0.032,0
518,G,0.034,0
519,T,0.035,0
520,D,0.034,0
521,D,0.03,0
522,T,0.026,0
523,W,0.022,0
524,A,0.019,0
525,Q,0.017,0
526,K,0.015,0
527,L,0.014,0
528,Y,0.012,0
529,N,0.011,0
530,T,0.01,0
531,H,0.009,0
532,L,0.009,0
533,N,0.008,0
534,K,0.007,0
535,C,0.007,0
536,A,0.007,0
537,L,0.008,0
538,F,0.009,0
539,E,0.01,0
540,K,0.012,0
541,P,0.015,0
542,R,0.017,0
543,M,0.018,0
544,S,0.017,0
545,N,0.015,0
546,K,0.013,0
547,A,0.011,0
548,F,0.009,0
549,I,0.007,0
550,I,0.006,0
551,K,0.006,0
552,H,0.006,0
553,F,0.006,0
554,A,0.007,0
555,D,0.008,0
556,K,0.008,0
557,V,0.009,0
558,E,0.009,0
559,Y,0.008,0
560,Q,0.009,0
561,C,0.01,0
562,E,0.011,0
563,G,0.013,0
564,F,0.016,0
565,L,0.02,0
566,E,0.026,0
567,K,0.031,0
568,N,0.035,0
569,K,0.034,0
570,D,0.03,0
571,T,0.026,0
572,V,0.021,0
573,F,0.02,0
574,E,0.02,0
575,E,0.019,0
576,Q,0.018,0
577,I,0.018,0
578,K,0.02,0
579,V,0.024,0
580,L,0.032,0
581,K,0.042,0
582,S,0.051,0
583,S,0.055,0
584,K,0.06,0
585,F,0.073,0
586,K,0.098,0
587,M,0.131,0
588,L,0.168,0
589,P,0.215,0
590,E,0.266,0
591,L,0.321,0
592,F,0.391,1
593,Q,0.469,1
594,D,0.556,1
595,D,0.608,1
596,E,0.62,1
597,K,0.629,1
598,A,0.655,1
599,I,0.674,1
600,S,0.688,1
601,P,0.707,1
602,T,0.726,1
603,S,0.756,1
604,A,0.79,1
605,T,0.814,1
606,S,0.825,1
607,S,0.837,1
608,G,0.866,1
609,R,0.894,1
610,T,0.904,1
611,P,0.897,1
612,L,0.894,1
613,T,0.903,1
614,R,0.918,1
615,V,0.918,1
616,P,0.893,1
617,V,0.846,1
618,K,0.8,1
619,P,0.789,1
620,T,0.788,1
621,K,0.772,1
622,G,0.74,1
623,R,0.71,1
624,P,0.682,1
625,G,0.652,1
626,Q,0.626,1
627,T,0.6,1
628,A,0.565,1
629,K,0.511,1
630,E,0.428,1
631,H,0.343,0
632,K,0.281,0
633,K,0.25,0
634,T,0.221,0
635,V,0.176,0
636,G,0.134,0
637,H,0.111,0
638,Q,0.099,0
639,F,0.088,0
640,R,0.073,0
641,N,0.061,0
642,S,0.053,0
643,L,0.043,0
644,H,0.034,0
645,L,0.028,0
646,L,0.025,0
647,M,0.024,0
648,E,0.023,0
649,T,0.022,0
650,L,0.021,0
651,N,0.021,0
652,A,0.02,0
653,T,0.018,0
654,T,0.018,0
655,P,0.018,0
656,H,0.017,0
657,Y,0.015,0
658,V,0.012,0
659,R,0.011,0
660,C,0.01,0
661,I,0.011,0
662,K,0.011,0
663,P,0.012,0
664,N,0.013,0
665,D,0.013,0
666,F,0.013,0
667,K,0.013,0
668,F,0.012,0
669,P,0.012,0
670,F,0.011,0
671,T,0.011,0
672,F,0.011,0
673,D,0.011,0
674,E,0.011,0
675,K,0.011,0
676,R,0.011,0
677,A,0.011,0
678,V,0.01,0
679,Q,0.01,0
680,Q,0.009,0
681,L,0.008,0
682,R,0.007,0
683,A,0.006,0
684,C,0.006,0
685,G,0.005,0
686,V,0.006,0
687,L,0.006,0
688,E,0.007,0
689,T,0.007,0
690,I,0.008,0
691,R,0.009,0
692,I,0.009,0
693,S,0.01,0
694,A,0.012,0
695,A,0.014,0
696,G,0.014,0
697,F,0.013,0
698,P,0.011,0
699,S,0.01,0
700,R,0.009,0
701,W,0.008,0
702,T,0.008,0
703,Y,0.007,0
704,Q,0.007,0
705,E,0.007,0
706,F,0.006,0
707,F,0.006,0
708,S,0.006,0
709,R,0.007,0
710,Y,0.007,0
711,R,0.008,0
712,V,0.008,0
713,L,0.009,0
714,M,0.011,0
715,K,0.013,0
716,Q,0.015,0
717,K,0.017,0
718,D,0.019,0
719,V,0.021,0
720,L,0.021,0
721,G,0.022,0
722,D,0.022,0
723,R,0.021,0
724,K,0.02,0
725,Q,0.018,0
726,T,0.016,0
727,C,0.014,0
728,K,0.012,0
729,N,0.01,0
730,V,0.009,0
731,L,0.009,0
732,E,0.008,0
733,K,0.008,0
734,L,0.008,0
735,I,0.009,0
736,L,0.01,0
737,D,0.011,0
738,K,0.011,0
739,D,0.011,0
740,K,0.012,0
741,Y,0.012,0
742,Q,0.012,0
743,F,0.011,0
744,G,0.01,0
745,K,0.008,0
746,T,0.007,0
747,K,0.007,0
748,I,0.006,0
749,F,0.006,0
750,F,0.006,0
751,R,0.005,0
752,A,0.005,0
753,G,0.005,0
754,Q,0.005,0
755,V,0.005,0
756,A,0.006,0
757,Y,0.006,0
758,L,0.006,0
759,E,0.006,0
760,K,0.007,0
761,L,0.008,0
762,R,0.008,0
763,A,0.009,0
764,D,0.009,0
765,K,0.009,0
766,L,0.008,0
767,R,0.007,0
768,A,0.006,0
769,A,0.006,0
770,C,0.005,0
771,I,0.005,0
772,R,0.005,0
773,I,0.004,0
774,Q,0.004,0
775,K,0.004,0
776,T,0.004,0
777,I,0.004,0
778,R,0.004,0
779,G,0.003,0
780,W,0.003,0
781,L,0.003,0
782,L,0.003,0
783,R,0.003,0
784,K,0.003,0
785,R,0.003,0
786,Y,0.003,0
787,L,0.004,0
788,C,0.004,0
789,M,0.004,0
790,Q,0.005,0
791,R,0.005,0
792,A,0.006,0
793,A,0.006,0
794,I,0.006,0
795,T,0.006,0
796,V,0.006,0
797,Q,0.007,0
798,R,0.007,0
799,Y,0.008,0
800,V,0.009,0
801,R,0.009,0
802,G,0.009,0
803,Y,0.009,0
804,Q,0.008,0
805,A,0.007,0
806,R,0.006,0
807,C,0.006,0
808,Y,0.006,0
809,A,0.006,0
810,K,0.006,0
811,F,0.007,0
812,L,0.008,0
813,R,0.009,0
814,R,0.011,0
815,T,0.012,0
816,K,0.013,0
817,A,0.013,0
818,A,0.013,0
819,T,0.012,0
820,T,0.01,0
821,I,0.008,0
822,Q,0.006,0
823,K,0.005,0
824,Y,0.004,0
825,W,0.004,0
826,R,0.004,0
827,M,0.004,0
828,Y,0.004,0
829,V,0.005,0
830,V,0.005,0
831,R,0.006,0
832,R,0.006,0
833,R,0.007,0
834,Y,0.007,0
835,K,0.007,0
836,I,0.006,0
837,R,0.006,0
838,R,0.005,0
839,A,0.004,0
840,A,0.004,0
841,T,0.004,0
842,I,0.004,0
843,V,0.004,0
844,I,0.005,0
845,Q,0.005,0
846,S,0.006,0
847,Y,0.006,0
848,L,0.007,0
849,R,0.007,0
850,G,0.008,0
851,Y,0.009,0
852,L,0.01,0
853,T,0.011,0
854,R,0.012,0
855,N,0.012,0
856,R,0.012,0
857,Y,0.012,0
858,R,0.011,0
859,K,0.009,0
860,I,0.008,0
861,L,0.007,0
862,R,0.006,0
863,E,0.005,0
864,Y,0.005,0
865,K,0.004,0
866,A,0.004,0
867,V,0.004,0
868,I,0.004,0
869,I,0.004,0
870,Q,0.004,0
871,K,0.004,0
872,R,0.004,0
873,V,0.004,0
874,R,0.005,0
875,G,0.005,0
876,W,0.006,0
877,L,0.006,0
878,A,0.006,0
879,R,0.007,0
880,T,0.007,0
881,H,0.007,0
882,Y,0.007,0
883,K,0.007,0
884,R,0.006,0
885,T,0.006,0
886,M,0.005,0
887,K,0.004,0
888,A,0.004,0
889,I,0.003,0
890,V,0.003,0
891,Y,0.003,0
892,L,0.003,0
893,Q,0.003,0
894,C,0.003,0
895,C,0.004,0
896,F,0.004,0
897,R,0.005,0
898,R,0.007,0
899,M,0.01,0
900,M,0.012,0
901,A,0.013,0
902,K,0.013,0
903,R,0.013,0
904,E,0.014,0
905,L,0.016,0
906,K,0.018,0
907,K,0.019,0
908,L,0.018,0
909,K,0.018,0
910,I,0.019,0
911,E,0.021,0
912,A,0.027,0
913,R,0.032,0
914,S,0.036,0
915,V,0.035,0
916,E,0.031,0
917,R,0.026,0
918,Y,0.023,0
919,K,0.021,0
920,K,0.02,0
921,L,0.019,0
922,H,0.018,0
923,I,0.018,0
924,G,0.017,0
925,M,0.018,0
926,E,0.02,0
927,N,0.023,0
928,K,0.023,0
929,I,0.022,0
930,M,0.021,0
931,Q,0.021,0
932,L,0.023,0
933,Q,0.027,0
934,R,0.031,0
935,K,0.035,0
936,V,0.039,0
937,D,0.044,0
938,E,0.044,0
939,Q,0.04,0
940,N,0.032,0
941,K,0.024,0
942,D,0.018,0
943,Y,0.014,0
944,K,0.011,0
945,C,0.009,0
946,L,0.009,0
947,M,0.009,0
948,E,0.011,0
949,K,0.012,0
950,L,0.013,0
951,T,0.016,0
952,N,0.02,0
953,L,0.024,0
954,E,0.025,0
955,G,0.026,0
956,V,0.026,0
957,Y,0.028,0
958,N,0.031,0
959,S,0.036,0
960,E,0.043,0
961,T,0.048,0
962,E,0.047,0
963,K,0.043,0
964,L,0.04,0
965,R,0.036,0
966,N,0.034,0
967,D,0.032,0
968,V,0.03,0
969,E,0.028,0
970,R,0.026,0
971,L,0.024,0
972,Q,0.023,0
973,L,0.025,0
974,S,0.028,0
975,E,0.032,0
976,E,0.035,0
977,E,0.038,0
978,A,0.042,0
979,K,0.045,0
980,V,0.049,0
981,A,0.05,0
982,T,0.046,0
983,G,0.039,0
984,R,0.038,0
985,V,0.045,0
986,L,0.055,0
987,S,0.063,0
988,L,0.064,0
989,Q,0.06,0
990,E,0.06,0
991,E,0.065,0
992,I,0.071,0
993,A,0.073,0
994,K,0.069,0
995,L,0.067,0
996,R,0.07,0
997,K,0.077,0
998,D,0.087,0
999,L,0.103,0
1000,E,0.121,0
1001,Q,0.144,0
1002,T,0.17,0
1003,R,0.187,0
1004,S,0.186,0
1005,E,0.167,0
1006,K,0.14,0
1007,K,0.124,0
1008,S,0.128,0
1009,I,0.149,0
1010,E,0.167,0
1011,E,0.165,0
1012,R,0.154,0
1013,A,0.149,0
1014,D,0.15,0
1015,K,0.146,0
1016,Y,0.131,0
1017,K,0.119,0
1018,Q,0.115,0
1019,E,0.11,0
1020,T,0.104,0
1021,D,0.104,0
1022,Q,0.113,0
1023,L,0.118,0
1024,V,0.116,0
1025,S,0.106,0
1026,N,0.1,0
1027,L,0.1,0
1028,K,0.092,0
1029,E,0.081,0
1030,E,0.074,0
1031,N,0.069,0
1032,T,0.062,0
1033,L,0.051,0
1034,L,0.042,0
1035,K,0.04,0
1036,Q,0.046,0
1037,E,0.05,0
1038,K,0.046,0
1039,E,0.037,0
1040,T,0.033,0
1041,L,0.033,0
1042,N,0.034,0
1043,H,0.034,0
1044,R,0.034,0
1045,I,0.035,0
1046,V,0.035,0
1047,E,0.034,0
1048,Q,0.035,0
1049,A,0.039,0
1050,K,0.044,0
1051,E,0.049,0
1052,M,0.054,0
1053,T,0.058,0
1054,E,0.06,0
1055,T,0.061,0
1056,M,0.057,0
1057,E,0.049,0
1058,R,0.041,0
1059,K,0.035,0
1060,L,0.031,0
1061,V,0.03,0
1062,E,0.031,0
1063,E,0.031,0
1064,T,0.031,0
1065,K,0.028,0
1066,Q,0.026,0
1067,L,0.025,0
1068,E,0.025,0
1069,L,0.025,0
1070,D,0.024,0
1071,L,0.023,0
1072,N,0.024,0
1073,D,0.026,0
1074,E,0.027,0
1075,R,0.026,0
1076,L,0.025,0
1077,R,0.024,0
1078,Y,0.022,0
1079,Q,0.019,0
1080,N,0.016,0
1081,L,0.015,0
1082,L,0.015,0
1083,N,0.015,0
1084,E,0.014,0
1085,F,0.015,0
1086,S,0.016,0
1087,R,0.017,0
1088,L,0.019,0
1089,E,0.02,0
1090,E,0.022,0
1091,R,0.024,0
1092,Y,0.028,0
1093,D,0.033,0
1094,D,0.038,0
1095,L,0.044,0
1096,K,0.051,0
1097,E,0.06,0
1098,E,0.068,0
1099,M,0.075,0
1100,T,0.085,0
1101,L,0.094,0
1102,M,0.099,0
1103,L,0.103,0
1104,N,0.121,0
1105,V,0.164,0
1106,P,0.249,0
1107,K,0.377,1
1108,P,0.489,1
1109,G,0.543,1
1110,H,0.579,1
1111,K,0.63,1
1112,R,0.689,1
1113,T,0.748,1
1114,D,0.822,1
1115,S,0.871,1
1116,T,0.89,1
1117,H,0.891,1
1118,S,0.89,1
1119,S,0.889,1
1120,N,0.891,1
1121,E,0.89,1
1122,S,0.878,1
1123,E,0.85,1
1124,Y,0.823,1
1125,T,0.805,1
1126,F,0.786,1
1127,S,0.78,1
1128,S,0.778,1
1129,E,0.805,1
1130,F,0.834,1
1131,A,0.846,1
1132,E,0.844,1
1133,T,0.829,1
1134,E,0.799,1
1135,D,0.766,1
1136,I,0.738,1
1137,A,0.714,1
1138,P,0.673,1
1139,R,0.645,1
1140,T,0.638,1
1141,E,0.621,1
1142,E,0.588,1
1143,P,0.524,1
1144,I,0.45,1
1145,E,0.386,1
1146,K,0.345,0
1147,K,0.326,0
1148,V,0.298,0
1149,P,0.238,0
1150,L,0.175,0
1151,D,0.153,0
1152,M,0.203,0
1153,S,0.304,0
1154,L,0.363,1
1155,F,0.296,0
1156,L,0.182,0
1157,K,0.131,0
1158,L,0.13,0
1159,Q,0.184,0
1160,K,0.259,0
1161,R,0.258,0
1162,V,0.196,0
1163,T,0.151,0
1164,E,0.167,0
1165,L,0.231,0
1166,E,0.311,0
1167,Q,0.367,1
1168,E,0.366,1
1169,K,0.336,0
1170,Q,0.322,0
1171,L,0.347,0
1172,M,0.393,1
1173,Q,0.436,1
1174,D,0.472,1
1175,E,0.491,1
1176,L,0.495,1
1177,D,0.498,1
1178,R,0.515,1
1179,K,0.523,1
1180,E,0.517,1
1181,E,0.495,1
1182,Q,0.476,1
1183,V,0.48,1
1184,F,0.509,1
1185,R,0.566,1
1186,S,0.622,1
1187,K,0.688,1
1188,A,0.751,1
1189,K,0.754,1
1190,E,0.73,1
1191,E,0.731,1
1192,E,0.779,1
1193,R,0.816,1
1194,P,0.817,1
1195,Q,0.743,1
1196,I,0.646,1
1197,R,0.582,1
1198,G,0.547,1
1199,A,0.518,1
1200,E,0.472,1
1201,L,0.418,1
1202,E,0.373,1
1203,Y,0.348,0
1204,E,0.358,1
1205,S,0.398,1
1206,L,0.425,1
1207,K,0.427,1
1208,R,0.388,1
1209,Q,0.34,0
1210,E,0.325,0
1211,L,0.347,0
1212,E,0.372,1
1213,S,0.397,1
1214,E,0.414,1
1215,N,0.406,1
1216,K,0.403,1
1217,K,0.382,1
1218,L,0.329,0
1219,K,0.257,0
1220,N,0.181,0
1221,E,0.116,0
1222,L,0.074,0
1223,N,0.058,0
1224,E,0.057,0
1225,L,0.063,0
1226,R,0.063,0
1227,K,0.057,0
1228,A,0.061,0
1229,L,0.077,0
1230,S,0.096,0
1231,E,0.105,0
1232,K,0.109,0
1233,S,0.118,0
1234,A,0.131,0
1235,P,0.139,0
1236,E,0.132,0
1237,V,0.115,0
1238,T,0.099,0
1239,A,0.082,0
1240,P,0.061,0
1241,G,0.045,0
1242,A,0.038,0
1243,P,0.033,0
1244,A,0.028,0
1245,Y,0.022,0
1246,R,0.019,0
1247,V,0.018,0
1248,L,0.018,0
1249,M,0.019,0
1250,E,0.021,0
1251,Q,0.022,0
1252,L,0.025,0
1253,T,0.03,0
1254,S,0.037,0
1255,V,0.049,0
1256,S,0.065,0
1257,E,0.076,0
1258,E,0.07,0
1259,L,0.054,0
1260,D,0.042,0
1261,V,0.039,0
1262,R,0.044,0
1263,K,0.054,0
1264,E,0.063,0
1265,E,0.069,0
1266,V,0.067,0
1267,L,0.062,0
1268,I,0.061,0
1269,L,0.064,0
1270,R,0.07,0
1271,S,0.078,0
1272,Q,0.087,0
1273,L,0.1,0
1274,V,0.118,0
1275,S,0.143,0
1276,Q,0.187,0
1277,K,0.25,0
1278,E,0.285,0
1279,A,0.289,0
1280,I,0.293,0
1281,Q,0.315,0
1282,P,0.34,0
1283,K,0.348,0
1284,D,0.329,0
1285,D,0.291,0
1286,K,0.263,0
1287,N,0.244,0
1288,T,0.215,0
1289,M,0.177,0
1290,T,0.141,0
1291,D,0.109,0
1292,S,0.082,0
1293,T,0.059,0
1294,I,0.048,0
1295,L,0.048,0
1296,L,0.054,0
1297,E,0.058,0
1298,D,0.057,0
1299,V,0.051,0
1300,Q,0.05,0
1301,K,0.055,0
1302,M,0.063,0
1303,K,0.068,0
1304,D,0.068,0
1305,K,0.06,0
1306,G,0.046,0
1307,E,0.035,0
1308,I,0.03,0
1309,A,0.031,0
1310,Q,0.036,0
1311,A,0.04,0
1312,Y,0.041,0
1313,I,0.042,0
1314,G,0.049,0
1315,L,0.061,0
1316,K,0.071,0
1317,E,0.073,0
1318,T,0.069,0
1319,N,0.068,0
1320,R,0.074,0
1321,L,0.089,0
1322,L,0.11,0
1323,E,0.127,0
1324,S,0.137,0
1325,Q,0.148,0
1326,L,0.181,0
1327,Q,0.272,0
1328,S,0.376,1
1329,Q,0.418,1
1330,K,0.418,1
1331,R,0.402,1
1332,S,0.395,1
1333,H,0.418,1
1334,E,0.446,1
1335,N,0.433,1
1336,E,0.407,1
1337,A,0.394,1
1338,E,0.385,1
1339,A,0.36,1
1340,L,0.328,0
1341,R,0.316,0
1342,G,0.322,0
1343,E,0.33,0
1344,I,0.329,0
1345,Q,0.322,0
1346,S,0.326,0
1347,L,0.334,0
1348,K,0.337,0
1349,E,0.324,0
1350,E,0.305,0
1351,N,0.274,0
1352,N,0.23,0
1353,R,0.182,0
1354,Q,0.146,0
1355,Q,0.127,0
1356,Q,0.116,0
1357,L,0.1,0
1358,L,0.08,0
1359,A,0.065,0
1360,Q,0.058,0
1361,N,0.052,0
1362,L,0.043,0
1363,Q,0.04,0
1364,L,0.036,0
1365,P,0.033,0
1366,P,0.032,0
1367,E,0.034,0
1368,A,0.038,0
1369,R,0.04,0
1370,I,0.037,0
1371,E,0.033,0
1372,A,0.031,0
1373,S,0.031,0
1374,L,0.034,0
1375,Q,0.034,0
1376,H,0.031,0
1377,E,0.027,0
1378,I,0.024,0
1379,T,0.022,0
1380,R,0.022,0
1381,L,0.021,0
1382,T,0.02,0
1383,N,0.021,0
1384,E,0.021,0
1385,N,0.02,0
1386,L,0.019,0
1387,Y,0.019,0
1388,F,0.02,0
1389,E,0.019,0
1390,E,0.018,0
1391,L,0.018,0
1392,Y,0.019,0
1393,A,0.02,0
1394,D,0.021,0
1395,D,0.02,0
1396,P,0.019,0
1397,K,0.018,0
1398,K,0.016,0
1399,Y,0.014,0
1400,Q,0.013,0
1401,S,0.011,0
1402,Y,0.01,0
1403,R,0.009,0
1404,I,0.008,0
1405,S,0.008,0
1406,L,0.007,0
1407,Y,0.007,0
1408,K,0.007,0
1409,R,0.008,0
1410,M,0.008,0
1411,I,0.008,0
1412,D,0.008,0
1413,L,0.009,0
1414,M,0.011,0
1415,E,0.012,0
1416,Q,0.014,0
1417,L,0.017,0
1418,E,0.02,0
1419,K,0.023,0
1420,Q,0.026,0
1421,D,0.028,0
1422,K,0.03,0
1423,T,0.03,0
1424,V,0.029,0
1425,R,0.027,0
1426,K,0.024,0
1427,L,0.02,0
1428,K,0.017,0
1429,K,0.015,0
1430,Q,0.015,0
1431,L,0.016,0
1432,K,0.018,0
1433,V,0.02,0
1434,F,0.021,0
1435,A,0.022,0
1436,K,0.026,0
1437,K,0.03,0
1438,I,0.034,0
1439,G,0.041,0
1440,E,0.049,0
1441,L,0.061,0
1442,E,0.075,0
1443,V,0.084,0
1444,G,0.091,0
1445,Q,0.1,0
1446,M,0.103,0
1447,E,0.107,0
1448,N,0.115,0
1449,I,0.125,0
1450,S,0.138,0
1451,P,0.153,0
1452,G,0.166,0
1453,Q,0.183,0
1454,I,0.198,0
1455,I,0.205,0
1456,D,0.198,0
1457,E,0.181,0
1458,P,0.154,0
1459,I,0.132,0
1460,R,0.126,0
1461,P,0.139,0
1462,V,0.164,0
1463,N,0.178,0
1464,I,0.176,0
1465,P,0.177,0
1466,R,0.187,0
1467,K,0.194,0
1468,E,0.194,0
1469,K,0.196,0
1470,D,0.204,0
1471,F,0.209,0
1472,Q,0.193,0
1473,G,0.162,0
1474,M,0.129,0
1475,L,0.104,0
1476,E,0.088,0
1477,Y,0.08,0
1478,K,0.075,0
1479,R,0.072,0
1480,E,0.063,0
1481,D,0.055,0
1482,E,0.05,0
1483,Q,0.047,0
1484,K,0.046,0
1485,L,0.041,0
1486,V,0.031,0
1487,K,0.023,0
1488,N,0.019,0
1489,L,0.018,0
1490,I,0.017,0
1491,L,0.016,0
1492,E,0.015,0
1493,L,0.016,0
1494,K,0.017,0
1495,P,0.017,0
1496,R,0.016,0
1497,G,0.014,0
1498,V,0.012,0
1499,A,0.01,0
1500,V,0.009,0
1501,N,0.009,0
1502,L,0.009,0
1503,I,0.009,0
1504,P,0.008,0
1505,G,0.007,0
1506,L,0.006,0
1507,P,0.006,0
1508,A,0.005,0
1509,Y,0.004,0
1510,I,0.004,0
1511,L,0.003,0
1512,F,0.004,0
1513,M,0.004,0
1514,C,0.004,0
1515,V,0.005,0
1516,R,0.007,0
1517,H,0.009,0
1518,A,0.012,0
1519,D,0.014,0
1520,Y,0.016,0
1521,L,0.018,0
1522,N,0.019,0
1523,D,0.02,0
1524,D,0.019,0
1525,Q,0.018,0
1526,K,0.016,0
1527,V,0.015,0
1528,R,0.013,0
1529,S,0.013,0
1530,L,0.014,0
1531,L,0.014,0
1532,T,0.014,0
1533,S,0.014,0
1534,T,0.014,0
1535,I,0.014,0
1536,N,0.014,0
1537,S,0.013,0
1538,I,0.013,0
1539,K,0.012,0
1540,K,0.013,0
1541,V,0.013,0
1542,L,0.014,0
1543,K,0.015,0
1544,K,0.017,0
1545,R,0.02,0
1546,G,0.021,0
1547,D,0.02,0
1548,D,0.018,0
1549,F,0.016,0
1550,E,0.013,0
1551,T,0.011,0
1552,V,0.01,0
1553,S,0.008,0
1554,F,0.007,0
1555,W,0.007,0
1556,L,0.007,0
1557,S,0.008,0
1558,N,0.007,0
1559,T,0.006,0
1560,C,0.006,0
1561,R,0.005,0
1562,F,0.005,0
1563,L,0.005,0
1564,H,0.004,0
1565,C,0.004,0
1566,L,0.004,0
1567,K,0.005,0
1568,Q,0.006,0
1569,Y,0.009,0
1570,S,0.012,0
1571,G,0.016,0
1572,E,0.018,0
1573,E,0.021,0
1574,G,0.024,0
1575,F,0.027,0
1576,M,0.029,0
1577,K,0.03,0
1578,H,0.031,0
1579,N,0.033,0
1580,T,0.035,0
1581,S,0.034,0
1582,R,0.03,0
1583,Q,0.026,0
1584,N,0.02,0
1585,E,0.015,0
1586,H,0.012,0
1587,C,0.01,0
1588,L,0.008,0
1589,T,0.007,0
1590,N,0.006,0
1591,F,0.006,0
1592,D,0.006,0
1593,L,0.006,0
1594,A,0.005,0
1595,E,0.005,0
1596,Y,0.005,0
1597,R,0.005,0
1598,Q,0.005,0
1599,V,0.005,0
1600,L,0.004,0
1601,S,0.004,0
1602,D,0.004,0
1603,L,0.004,0
1604,A,0.004,0
1605,I,0.004,0
1606,Q,0.004,0
1607,I,0.004,0
1608,Y,0.004,0
1609,Q,0.004,0
1610,Q,0.005,0
1611,L,0.005,0
1612,V,0.006,0
1613,R,0.006,0
1614,V,0.007,0
1615,L,0.009,0
1616,E,0.01,0
1617,N,0.013,0
1618,I,0.016,0
1619,L,0.018,0
1620,Q,0.019,0
1621,P,0.021,0
1622,M,0.023,0
1623,I,0.025,0
1624,V,0.027,0
1625,S,0.031,0
1626,G,0.037,0
1627,M,0.045,0
1628,L,0.055,0
1629,E,0.062,0
1630,H,0.065,0
1631,E,0.067,0
1632,T,0.072,0
1633,I,0.075,0
1634,Q,0.073,0
1635,G,0.069,0
1636,V,0.068,0
1637,S,0.074,0
1638,G,0.082,0
1639,V,0.082,0
1640,K,0.087,0
1641,P,0.097,0
1642,T,0.098,0
1643,G,0.084,0
1644,L,0.07,0
1645,R,0.065,0
1646,K,0.063,0
1647,R,0.063,0
1648,T,0.061,0
1649,S,0.058,0
1650,S,0.056,0
1651,I,0.055,0
1652,A,0.059,0
1653,D,0.068,0
1654,E,0.08,0
1655,G,0.084,0
1656,T,0.072,0
1657,Y,0.053,0
1658,T,0.039,0
1659,L,0.031,0
1660,D,0.026,0
1661,S,0.023,0
1662,I,0.021,0
1663,L,0.021,0
1664,R,0.021,0
1665,Q,0.019,0
1666,L,0.018,0
1667,N,0.017,0
1668,S,0.017,0
1669,F,0.017,0
1670,H,0.016,0
1671,S,0.014,0
1672,V,0.014,0
1673,M,0.014,0
1674,C,0.015,0
1675,Q,0.015,0
1676,H,0.014,0
1677,G,0.014,0
1678,M,0.014,0
1679,D,0.014,0
1680,P,0.012,0
1681,E,0.011,0
1682,L,0.009,0
1683,I,0.007,0
1684,K,0.006,0
1685,Q,0.006,0
1686,V,0.005,0
1687,V,0.004,0
1688,K,0.004,0
1689,Q,0.004,0
1690,M,0.003,0
1691,F,0.003,0
1692,Y,0.003,0
1693,I,0.003,0
1694,V,0.003,0
1695,G,0.003,0
1696,A,0.003,0
1697,I,0.003,0
1698,T,0.003,0
1699,L,0.004,0
1700,N,0.004,0
1701,N,0.005,0
1702,L,0.006,0
1703,L,0.007,0
1704,L,0.007,0
1705,R,0.008,0
1706,K,0.009,0
1707,D,0.01,0
1708,M,0.011,0
1709,C,0.012,0
1710,S,0.013,0
1711,W,0.013,0
1712,S,0.013,0
1713,K,0.014,0
1714,G,0.015,0
1715,M,0.016,0
1716,Q,0.016,0
1717,I,0.015,0
1718,R,0.014,0
1719,Y,0.013,0
1720,N,0.013,0
1721,V,0.012,0
1722,S,0.012,0
1723,Q,0.011,0
1724,L,0.01,0
1725,E,0.01,0
1726,E,0.011,0
1727,W,0.012,0
1728,L,0.014,0
1729,R,0.018,0
1730,D,0.021,0
1731,K,0.025,0
1732,N,0.031,0
1733,L,0.04,0
1734,M,0.052,0
1735,N,0.062,0
1736,S,0.072,0
1737,G,0.075,0
1738,A,0.067,0
1739,K,0.055,0
1740,E,0.045,0
1741,T,0.037,0
1742,L,0.03,0
1743,E,0.025,0
1744,P,0.021,0
1745,L,0.019,0
1746,I,0.019,0
1747,Q,0.019,0
1748,A,0.019,0
1749,A,0.02,0
1750,Q,0.02,0
1751,L,0.02,0
1752,L,0.023,0
1753,Q,0.029,0
1754,V,0.038,0
1755,K,0.05,0
1756,K,0.062,0
1757,K,0.069,0
1758,T,0.071,0
1759,D,0.069,0
1760,D,0.066,0
1761,D,0.062,0
1762,A,0.057,0
1763,E,0.048,0
1764,A,0.035,0
1765,I,0.023,0
1766,C,0.016,0
1767,S,0.012,0
1768,M,0.01,0
1769,C,0.01,0
1770,N,0.01,0
1771,A,0.009,0
1772,L,0.008,0
1773,T,0.007,0
1774,T,0.006,0
1775,A,0.006,0
1776,Q,0.007,0
1777,I,0.007,0
1778,V,0.007,0
1779,K,0.007,0
1780,V,0.008,0
1781,L,0.009,0
1782,N,0.01,0
1783,L,0.011,0
1784,Y,0.012,0
1785,T,0.014,0
1786,P,0.015,0
1787,V,0.015,0
1788,N,0.015,0
1789,E,0.015,0
1790,F,0.014,0
1791,E,0.013,0
1792,E,0.012,0
1793,R,0.01,0
1794,V,0.008,0
1795,S,0.007,0
1796,V,0.007,0
1797,S,0.008,0
1798,F,0.008,0
1799,I,0.008,0
1800,R,0.008,0
1801,T,0.008,0
1802,I,0.008,0
1803,Q,0.009,0
1804,M,0.012,0
1805,R,0.017,0
1806,L,0.024,0
1807,R,0.034,0
1808,D,0.044,0
1809,R,0.053,0
1810,K,0.06,0
1811,D,0.066,0
1812,S,0.068,0
1813,P,0.065,0
1814,Q,0.059,0
1815,L,0.051,0
1816,L,0.044,0
1817,M,0.042,0
1818,D,0.04,0
1819,A,0.037,0
1820,K,0.032,0
1821,H,0.027,0
1822,I,0.021,0
1823,F,0.016,0
1824,P,0.013,0
1825,V,0.012,0
1826,T,0.012,0
1827,F,0.012,0
1828,P,0.012,0
1829,F,0.012,0
1830,N,0.014,0
1831,P,0.016,0
1832,S,0.018,0
1833,S,0.02,0
1834,L,0.019,0
1835,A,0.017,0
1836,L,0.016,0
1837,E,0.015,0
1838,T,0.014,0
1839,I,0.017,0
1840,Q,0.025,0
1841,I,0.037,0
1842,P,0.047,0
1843,A,0.059,0
1844,S,0.076,0
1845,L,0.105,0
1846,G,0.145,0
1847,L,0.206,0
1848,G,0.281,0
1849,F,0.315,0
1850,I,0.37,1
1851,A,0.559,1
1852,R,0.57,1
1853,V,0.52,1
